Recency,Frequency,Monetary,CustomerID
-2.151398375083695,1.1147046843093364,1.4439209394790062,12347.0
0.3827835941776752,0.49306832420358254,0.7421486169711471,12348.0
-0.5772685707748618,-1.046864964421121,0.7242318610468467,12349.0
1.3750240092808892,-1.046864964421121,-0.6070778321199746,12350.0
-0.13041631826941766,1.2630349685159339,1.0088791267691466,12352.0
1.082437218336585,-1.046864964421121,-1.6691016329592498,12353.0
1.172368007364967,-1.046864964421121,0.3330915472628908,12354.0
1.1158987133315823,-1.046864964421121,-0.3522763257137588,12355.0
-0.4436804936346096,0.1735032936200612,1.1011367190369588,12356.0
-0.19125570031580894,-1.046864964421121,1.7366432481764407,12357.0
-2.151398375083695,-0.2768983201087692,0.3964253222727448,12358.0
0.2030546234958319,0.49306832420358254,1.7576789389683571,12359.0
0.1267011893484174,0.1735032936200612,1.057336016335267,12360.0
1.3211217140180125,-1.046864964421121,-1.0610592032862165,12361.0
-1.867892384578408,1.510908863446225,1.5985687203646406,12362.0
0.6505762985569453,-0.2768983201087692,-0.20495007151271513,12363.0
-1.1820849912145606,0.49306832420358254,0.49033332850984374,12364.0
1.330799540572475,-0.2768983201087692,-0.08454360460744328,12365.0
-1.666741683149128,-1.046864964421121,-1.155082977825093,12367.0
0.11312383446744997,0.49306832420358254,1.2873052035366241,12370.0
0.025608287239488887,-0.2768983201087692,0.7816583333896233,12371.0
0.3542403736651499,0.1735032936200612,0.48107838418609117,12372.0
1.3772759011016957,-1.046864964421121,-0.5377074015860681,12373.0
-0.38537908826217976,-1.046864964421121,0.03338023421586054,12374.0
-0.9594183827556639,-0.2768983201087692,-0.3556014388794007,12375.0
1.386211636850153,-0.2768983201087692,0.6628590231612383,12377.0
0.7673824867918912,-1.046864964421121,1.3857605311260164,12378.0
0.445175056341916,-0.2768983201087692,0.14351090124685778,12379.0
-0.4747616908210964,0.49306832420358254,1.0760286743455465,12380.0
-1.5107170776402215,0.7409422191338733,0.7633257904555443,12381.0
1.0140793573329043,0.7409422191338733,0.7656051723244576,12383.0
-0.28160206843873536,-0.2768983201087692,-0.15799447782851694,12384.0
1.435487369911395,-0.2768983201087692,-0.4595600943537021,12386.0
-0.697428299279993,0.9434699379324127,1.092307304493458,12388.0
0.42790969009804847,-1.046864964421121,-0.20809571828489482,12390.0
-0.4747616908210964,-1.046864964421121,-0.34967834378648294,12391.0
0.3542403736651499,0.49306832420358254,0.6401078863921522,12393.0
0.2718850845891419,-0.2768983201087692,0.4651222251279687,12394.0
-0.5772685707748618,1.7134365822447646,1.1581891111278961,12395.0
-0.13041631826941766,-0.2768983201087692,0.9774937676773684,12397.0
0.040976198299957974,-1.046864964421121,0.6665660473712547,12398.0
0.705564501638259,0.49306832420358254,0.3545435913732019,12399.0
1.3590543668528285,-1.046864964421121,-1.7126307630692787,12401.0
1.403747648270996,-1.046864964421121,-0.9228479175815381,12402.0
0.09927760367238778,-1.046864964421121,-0.40964117055060717,12403.0
0.8627632666270945,-1.046864964421121,0.7024094277136355,12405.0
-0.4747616908210964,-0.2768983201087692,1.2572445611202896,12406.0
0.09927760367238778,0.7409422191338733,0.7013439036872363,12407.0
-0.19125570031580894,0.7409422191338733,1.1228484461623294,12408.0
0.41911445707406475,0.1735032936200612,2.2009375770705115,12409.0
1.372764841544953,-0.2768983201087692,-0.022056230716833734,12410.0
0.3827835941776752,0.1735032936200612,0.4358430792949163,12412.0
0.3039156530090395,0.1735032936200612,0.04959778161808921,12413.0
1.125632677578944,0.1735032936200612,-0.18996038527988285,12414.0
-0.41392230877470515,2.3350729423505183,4.0376645133736995,12415.0
-1.867892384578408,1.3938715516612432,1.3103699404202622,12417.0
0.6693903073076132,-1.046864964421121,-0.0512203450256554,12418.0
0.2718850845891419,-1.046864964421121,-0.13753053343191202,12420.0
-0.697428299279993,0.49306832420358254,0.09978886344913253,12421.0
0.5553910750944296,0.1735032936200612,0.09632176314819071,12422.0
-2.6360550670182628,1.2630349685159339,0.7693898103408445,12423.0
0.9255552101377914,-0.2768983201087692,0.7257870025288675,12424.0
0.41020717985370486,-1.046864964421121,0.06956128255056418,12425.0
1.050888477297179,-1.046864964421121,-0.16148399820865353,12426.0
-0.4747616908210964,0.1735032936200612,0.11822553395193099,12427.0
-0.35795550258615016,1.3938715516612432,1.9357763370232381,12428.0
-1.0997297021385526,0.49306832420358254,1.3323388441340163,12429.0
-0.006179541443206692,-1.046864964421121,-0.8201716624760266,12430.0
-0.13041631826941766,1.9613104771750551,1.7720123769180733,12431.0
-0.006179541443206692,0.7409422191338733,1.5725271515250823,12432.0
-2.6360550670182628,1.1147046843093364,2.3525527363815955,12433.0
0.47029914140563667,-0.2768983201087692,0.0988936349359081,12434.0
0.42790969009804847,-0.2768983201087692,1.9229106631148132,12435.0
0.5839342956069556,-1.046864964421121,-0.27000197057680064,12436.0
-2.151398375083695,2.1638381959735944,1.5552295078319582,12437.0
-0.7907950254730315,-0.2768983201087692,1.127915357411799,12438.0
1.4930436557705435,-1.046864964421121,-1.133293006600001,12441.0
-1.867892384578408,-1.046864964421121,-1.1402109473765043,12442.0
-0.5072890349677437,0.7409422191338733,1.563940172757756,12444.0
-0.4747616908210964,-1.046864964421121,-1.3443926483811186,12445.0
0.2030546234958319,-1.046864964421121,0.27364171377539986,12446.0
1.2047583451810127,-1.046864964421121,-0.32297146134047805,12447.0
0.009895001113470848,-1.046864964421121,-0.36984432890922214,12448.0
-0.4747616908210964,0.49306832420358254,1.397418058366925,12449.0
0.8948638717882724,-0.2768983201087692,-1.0280334309880799,12450.0
-0.9594183827556639,0.7409422191338733,2.03781402555645,12451.0
-0.6550388479724051,-0.2768983201087692,-0.4042753794146536,12452.0
0.7885723449436071,-1.046864964421121,-0.006289259069091203,12453.0
0.17851835839610394,-1.046864964421121,1.283369633609461,12454.0
0.36388482734386973,0.9434699379324127,0.9962364838278805,12455.0
0.009895001113470848,0.1735032936200612,1.2002344395920126,12456.0
0.2934009916187583,1.1147046843093364,0.9618037815676886,12457.0
0.3444610281550118,-0.2768983201087692,0.22843837985496282,12458.0
0.5406702828270163,-0.2768983201087692,0.11927413243829324,12461.0
-0.5772685707748618,-0.2768983201087692,0.41107914556036435,12462.0
0.14001991215468154,0.49306832420358254,0.5094602269675873,12463.0
-1.0260603857056536,1.2630349685159339,0.4260859659875916,12464.0
-0.6550388479724051,-0.2768983201087692,0.03258068649509319,12465.0
1.0253269747615839,-0.2768983201087692,0.018788051001820495,12468.0
-2.151398375083695,2.731277121487407,2.668217837574048,12471.0
-0.21277160734542533,1.1147046843093364,1.7824146915033414,12472.0
-0.28160206843873536,0.7409422191338733,1.3716122054162245,12473.0
-0.6550388479724051,2.1638381959735944,1.8749760756356977,12474.0
0.1530896722358701,-1.046864964421121,0.011984810985581455,12475.0
-0.697428299279993,1.6167819902090863,1.8116987144770575,12476.0
-0.4436804936346096,0.9434699379324127,2.3431326350680846,12477.0
-1.666741683149128,-1.046864964421121,-0.036464544081832986,12478.0
-0.9594183827556639,-1.046864964421121,-0.24183087632819011,12479.0
-0.3061383335384639,0.49306832420358254,1.2252121187771936,12480.0
-0.4436804936346096,1.510908863446225,1.6534622682467743,12481.0
-0.6550388479724051,1.2630349685159339,1.0021082358871836,12483.0
-0.19125570031580894,0.9434699379324127,1.4859364134842283,12484.0
-1.0260603857056536,0.1735032936200612,0.48146151236953527,12488.0
1.4313377327705263,-1.046864964421121,-0.6058072291969359,12489.0
-1.5107170776402215,1.510908863446225,1.6274709842076216,12490.0
-0.07444951208086271,-1.046864964421121,-0.35053178565417586,12491.0
0.2608736474721113,-0.2768983201087692,-0.7991402394124192,12492.0
0.9383071466653319,-0.2768983201087692,-0.39839011672457947,12493.0
-0.697428299279993,1.1147046843093364,0.4483144935322558,12494.0
0.445175056341916,-1.046864964421121,0.3056457750184848,12497.0
-0.5072890349677437,0.1735032936200612,-0.4559747741292731,12498.0
-0.4436804936346096,1.6167819902090863,1.4341482681928772,12500.0
1.4334156297113096,-1.046864964421121,0.8931391268716565,12501.0
0.5553910750944296,0.7409422191338733,1.3266431786789654,12502.0
-0.6150730102039852,-0.2768983201087692,-0.31366373507941697,12504.0
1.1753753746075404,-1.046864964421121,-1.8226251243222944,12506.0
0.7885723449436071,0.1735032936200612,0.48525202132126627,12507.0
-0.35795550258615016,-0.2768983201087692,-0.46683959384863605,12508.0
1.3137744120241468,-1.046864964421121,-1.1197699023436916,12509.0
0.8340244897418808,-0.2768983201087692,0.25768287114847754,12510.0
0.2934009916187583,-0.2768983201087692,-1.3170185734113358,12512.0
0.6693903073076132,-1.046864964421121,-0.12178385830277956,12513.0
1.2706151579238536,-1.046864964421121,0.2858514761048737,12514.0
1.465848657838931,-1.046864964421121,-0.49674115792561946,12515.0
0.41020717985370486,-0.2768983201087692,0.4896976291640987,12516.0
-0.3061383335384639,0.7409422191338733,1.007853985798457,12517.0
-2.6360550670182628,0.7409422191338733,0.8504152115735072,12518.0
0.2718850845891419,-1.046864964421121,-0.5917734762651163,12519.0
0.41911445707406475,0.7409422191338733,1.0489133664525663,12520.0
0.8340244897418808,-1.046864964421121,-0.1384798826584442,12521.0
-0.07444951208086271,-0.2768983201087692,-1.049232505873772,12522.0
-0.5772685707748618,1.6167819902090863,0.7388069526412306,12523.0
-1.0997297021385526,1.2630349685159339,1.4759822867032324,12524.0
-2.6360550670182628,0.1735032936200612,0.49250557112114474,12526.0
0.445175056341916,0.1735032936200612,-0.5734586835115905,12527.0
-1.0997297021385526,0.9434699379324127,0.8007731409795389,12528.0
0.22675898866876867,0.49306832420358254,0.6795184075768514,12530.0
-0.7425543952003661,-1.046864964421121,-1.3951630110146456,12531.0
-0.2578977032657986,-1.046864964421121,-0.5708859115409756,12532.0
0.7727404578833741,-1.046864964421121,0.34032824663866607,12534.0
0.5256328902345255,-0.2768983201087692,0.004149578216818286,12535.0
0.215007253117324,-1.046864964421121,1.4382624989935147,12536.0
-0.28160206843873536,-1.046864964421121,-0.539139023343289,12538.0
-0.4747616908210964,0.49306832420358254,1.6494423088674541,12539.0
-0.5414036937710863,2.100345083207834,2.3540131717642576,12540.0
-0.2578977032657986,0.1735032936200612,0.25654706855661236,12541.0
-0.13041631826941766,-1.046864964421121,-0.5200782083308445,12544.0
0.3827835941776752,-0.2768983201087692,0.2721033478754126,12545.0
0.056013590892448804,-0.2768983201087692,0.3919067080247163,12546.0
1.0615636740586136,-0.2768983201087692,-0.9887880239207745,12547.0
0.9383071466653319,-1.046864964421121,-1.6150709653604216,12548.0
0.41911445707406475,-1.046864964421121,0.24306498267433546,12550.0
1.4756830225729232,-1.046864964421121,-1.1593696148644286,12551.0
-0.07444951208086271,-0.2768983201087692,-0.39087838228591065,12552.0
-1.1820849912145606,1.510908863446225,1.3198080305964923,12553.0
0.09927760367238778,-0.2768983201087692,-0.13310616985351412,12556.0
-0.697428299279993,0.7409422191338733,1.4641697238706433,12557.0
-1.1820849912145606,-1.046864964421121,-0.7788243681113213,12558.0
1.3772759011016957,-0.2768983201087692,-0.19095960179181742,12559.0
-1.5107170776402215,0.1735032936200612,0.879946536469301,12560.0
1.3590543668528285,-1.046864964421121,-0.8770580958533302,12561.0
-1.1820849912145606,1.1147046843093364,1.339015473916878,12562.0
1.254723296440975,-1.046864964421121,-0.35665434409257685,12564.0
1.3259773710734528,-1.046864964421121,-1.2724199842554351,12565.0
0.4784771504913606,-1.046864964421121,-0.5667226734365114,12566.0
-0.4436804936346096,1.510908863446225,2.0696517360690216,12567.0
-2.151398375083695,2.8029682571406376,1.4086616301579171,12569.0
-0.056747001836518776,-0.2768983201087692,-0.25346559012352166,12571.0
-1.0997297021385526,-0.2768983201087692,0.28800872132875854,12572.0
1.1571340320976455,-1.046864964421121,-1.195811380497538,12573.0
1.3884278409431998,-1.046864964421121,-0.9486875234521974,12574.0
-0.13041631826941766,0.7409422191338733,0.49199964680035363,12576.0
-0.15011372802955736,0.1735032936200612,-0.06426205504336344,12577.0
-0.5072890349677437,-0.2768983201087692,1.0962935746924074,12578.0
0.41020717985370486,-1.046864964421121,-0.38612792317862016,12579.0
1.2161743017226836,-1.046864964421121,-0.4324735481802336,12580.0
-0.056747001836518776,-1.046864964421121,-1.0287230001386454,12581.0
1.1931529035533128,-0.2768983201087692,-0.2663063691219705,12582.0
-1.867892384578408,1.9613104771750551,1.8646401813306204,12583.0
-1.666741683149128,1.3938715516612432,0.9532436492636777,12584.0
1.17836986229356,-0.2768983201087692,0.8438392024938932,12585.0
-0.6550388479724051,-1.046864964421121,-1.0318537858983625,12586.0
-1.1820849912145606,-1.046864964421121,-1.2830468105709272,12587.0
-0.07444951208086271,-1.046864964421121,-0.9618329126263064,12588.0
-0.28160206843873536,-0.2768983201087692,-0.07794098301825937,12589.0
1.1060273238792346,-0.2768983201087692,2.0758558650612104,12590.0
1.390637042799955,-1.046864964421121,-0.36379782697894286,12591.0
0.5256328902345255,-0.2768983201087692,-0.391281637885098,12592.0
0.6441907582315165,0.1735032936200612,-0.42785479525305226,12593.0
-0.09261187884029425,1.510908863446225,1.2389296609845748,12594.0
0.11312383446744997,-0.2768983201087692,-0.11398598832670104,12596.0
-0.5772685707748618,0.49306832420358254,1.3452455411011373,12597.0
-1.0260603857056536,1.2630349685159339,1.1593709938798276,12598.0
-0.28160206843873536,1.1147046843093364,0.2975131033692961,12599.0
-0.28160206843873536,1.510908863446225,1.038114095002425,12600.0
1.0327261105377474,0.7409422191338733,-0.1693287885232396,12601.0
0.215007253117324,-1.046864964421121,-1.233777829547654,12602.0
-0.4747616908210964,-1.046864964421121,0.029341943027248543,12603.0
0.41911445707406475,-0.2768983201087692,-0.8271486202240371,12604.0
0.22675898866876867,-1.046864964421121,0.6385398511307857,12607.0
0.41020717985370486,0.1735032936200612,0.3676077212707128,12609.0
-0.4436804936346096,0.7409422191338733,0.8668812069342519,12610.0
0.1267011893484174,-1.046864964421121,0.41359089160691653,12611.0
0.3733980598894307,-1.046864964421121,-0.00975748731923461,12612.0
0.1908941116649935,0.7409422191338733,1.2404088018964226,12613.0
1.298844055299601,-1.046864964421121,-0.6535015394254975,12614.0
-2.151398375083695,0.49306832420358254,0.9369657600858501,12615.0
0.5480694186031799,-0.2768983201087692,0.0007262782941435459,12616.0
-0.28160206843873536,-1.046864964421121,-0.5579186681562109,12617.0
-0.4747616908210964,-1.046864964421121,-1.116096319359704,12618.0
-0.697428299279993,1.3938715516612432,1.3086399284346115,12619.0
-0.7425543952003661,0.1735032936200612,0.5062499996083364,12620.0
-2.151398375083695,2.2808755077585765,2.3711577453774115,12621.0
1.172368007364967,-1.046864964421121,-1.1035700857729376,12622.0
1.2937955726743802,-1.046864964421121,-0.6806486221265947,12623.0
0.6246766040892487,-0.2768983201087692,-0.08485639502134129,12624.0
1.1093332960238163,-0.2768983201087692,1.0638675664644686,12625.0
-0.4436804936346096,1.3938715516612432,1.7882980071375394,12626.0
-0.9594183827556639,1.1147046843093364,1.4746952551204497,12627.0
-1.666741683149128,0.1735032936200612,0.07906400221935277,12628.0
-1.0260603857056536,-0.2768983201087692,0.4641127714753099,12630.0
0.1908941116649935,-1.046864964421121,-0.08564516813808584,12631.0
0.215007253117324,0.49306832420358254,0.8911358272960164,12633.0
0.5102649791740564,-0.2768983201087692,0.6923979889285647,12635.0
0.3039156530090395,1.2630349685159339,1.712266712702431,12637.0
-0.19125570031580894,-1.046864964421121,-0.04749691623509445,12638.0
1.1931529035533128,-1.046864964421121,-0.3069511610644041,12639.0
-0.41392230877470515,0.1735032936200612,0.40089130812843177,12640.0
0.6816574957434322,-1.046864964421121,-1.0781394365683399,12641.0
-0.38537908826217976,0.1735032936200612,0.28235926859105126,12642.0
0.7565417765237095,0.9434699379324127,1.0099669057464977,12643.0
0.7673824867918912,-1.046864964421121,-0.32058402162121713,12644.0
-0.1703821560378375,0.49306832420358254,0.7322397796845062,12645.0
-1.5107170776402215,-0.2768983201087692,0.5107657473889967,12646.0
-0.4747616908210964,1.7134365822447646,1.326416922625406,12647.0
0.8903673173463216,-1.046864964421121,-0.6472972365584259,12648.0
0.6312420213970147,0.1735032936200612,-0.10721482351851352,12649.0
-1.867892384578408,-1.046864964421121,-0.6564559070659244,12650.0
1.4292536423870812,-1.046864964421121,-1.4704791962204549,12651.0
1.4208546007832665,-1.046864964421121,0.20487486113941855,12652.0
0.8627632666270945,-0.2768983201087692,0.907964774363974,12653.0
-0.9594183827556639,0.7409422191338733,-0.1354085918354064,12654.0
-0.6550388479724051,0.7409422191338733,1.394231908985749,12656.0
-0.9594183827556639,0.49306832420358254,0.6702462570073892,12657.0
-0.5772685707748618,-1.046864964421121,-0.030525104641646848,12658.0
-0.2578977032657986,-1.046864964421121,-1.6452986850573879,12659.0
-0.9594183827556639,-1.046864964421121,-0.8563338922528336,12660.0
-2.6360550670182628,1.6167819902090863,1.3533221566561022,12662.0
-1.1820849912145606,1.3938715516612432,1.543883193766661,12664.0
1.4080637842353654,-1.046864964421121,-1.946302320028793,12665.0
0.2030546234958319,-1.046864964421121,-0.11157593579974844,12667.0
-0.8985790007092727,0.49306832420358254,1.344388292924469,12668.0
0.8720862288265253,-0.2768983201087692,0.6527476817842977,12669.0
-1.0260603857056536,0.7409422191338733,1.15216507410838,12670.0
1.4187389809968,-1.046864964421121,-0.9217817198734101,12672.0
-1.5107170776402215,-0.2768983201087692,-0.12410653503131852,12673.0
-0.07444951208086271,0.49306832420358254,0.8160304002855322,12674.0
-0.38537908826217976,0.9434699379324127,0.5014315370713411,12676.0
-0.022632343033176155,1.7134365822447646,2.4960746978259944,12678.0
0.215007253117324,0.49306832420358254,0.3576998793945102,12679.0
-2.6360550670182628,0.49306832420358254,0.15340048199709885,12680.0
-0.7425543952003661,2.386748634521438,2.376873228842392,12681.0
-1.666741683149128,2.7677009439520956,2.284507506193322,12682.0
-1.666741683149128,1.9613104771750551,1.9865802093806118,12683.0
-1.1820849912145606,1.1147046843093364,0.934314072469535,12684.0
-0.3061383335384639,0.9434699379324127,1.1157426127103616,12685.0
1.5025053942772697,-1.046864964421121,-1.6678405581288214,12686.0
0.6755508035995611,-1.046864964421121,1.5425558304143652,12688.0
-0.35795550258615016,-0.2768983201087692,0.4492861331941105,12689.0
1.089258851039665,-1.046864964421121,-0.4857141165164121,12690.0
-0.3061383335384639,0.9434699379324127,0.3000111473104714,12691.0
0.7510577342465041,0.49306832420358254,0.1469584856545732,12693.0
0.3345429639050105,-0.2768983201087692,0.15975426438296894,12694.0
-1.275451717407599,0.49306832420358254,-0.16235186331065177,12695.0
-0.28160206843873536,0.1735032936200612,0.23702178884399022,12697.0
-1.1820849912145606,0.49306832420358254,1.5533769033397045,12700.0
0.42790969009804847,-0.2768983201087692,0.09045947162106512,12701.0
-0.5414036937710863,-1.046864964421121,-0.9466700460535078,12702.0
0.3444610281550118,-1.046864964421121,-0.7394189939183816,12703.0
-1.275451717407599,1.2630349685159339,0.9541661662923095,12704.0
-0.7425543952003661,1.3938715516612432,1.817780861442891,12705.0
1.333198211213005,-1.046864964421121,-0.1334916643157367,12707.0
-0.2578977032657986,1.510908863446225,1.0725170747179738,12708.0
-0.7425543952003661,1.9613104771750551,2.097763133046618,12709.0
0.5626368581326198,0.1735032936200612,0.3832394194319558,12710.0
-0.28160206843873536,1.8023501878361203,1.4597960825933527,12712.0
-2.6360550670182628,-1.046864964421121,0.140029528425303,12713.0
-1.0997297021385526,0.7409422191338733,1.5149320656317036,12714.0
0.6246766040892487,-1.046864964421121,-0.5616961848475726,12715.0
-1.666741683149128,-0.2768983201087692,0.31359783731091295,12716.0
0.8720862288265253,-0.2768983201087692,0.2962689407484703,12717.0
0.3444610281550118,-1.046864964421121,-0.8790760729992393,12718.0
-1.5107170776402215,-0.2768983201087692,-0.08009021067189365,12719.0
-1.867892384578408,2.528749402688867,1.6796126445051665,12720.0
-0.21277160734542533,0.9434699379324127,1.0555467903168145,12721.0
0.47029914140563667,0.49306832420358254,0.26988676635709846,12722.0
-1.666741683149128,0.7409422191338733,0.013857033977208475,12723.0
-1.5107170776402215,0.49306832420358254,0.2966034990789851,12724.0
1.5006232617653452,-1.046864964421121,-0.4094536045281764,12725.0
-0.3061383335384639,1.1147046843093364,1.0412135836607552,12726.0
-0.9594183827556639,1.1147046843093364,1.3801528727764212,12727.0
0.3444610281550118,0.49306832420358254,0.12839137638296502,12728.0
0.6755508035995611,-1.046864964421121,-0.3635144052879491,12729.0
-0.41392230877470515,1.7134365822447646,2.6297466164573366,12731.0
0.9949216711086241,-1.046864964421121,-0.8858055983557065,12732.0
1.17836986229356,-1.046864964421121,-0.4962185801325776,12733.0
1.465848657838931,-1.046864964421121,-1.4962240892246559,12734.0
1.386211636850153,-0.2768983201087692,0.07200414159432578,12735.0
1.4250667328345732,-1.046864964421121,-0.8935172592464948,12736.0
1.5025053942772697,-1.046864964421121,-1.2221774105445937,12738.0
0.41020717985370486,-0.2768983201087692,0.282185050552954,12739.0
0.2718850845891419,-1.046864964421121,-0.4098287804327423,12740.0
0.7885723449436071,-0.2768983201087692,-0.21308700399941408,12743.0
0.17851835839610394,0.7409422191338733,2.079912939327116,12744.0
-2.151398375083695,1.6167819902090863,1.4224158603115291,12747.0
-2.6360550670182628,4.887544483017357,3.091650930775135,12748.0
-1.666741683149128,0.7409422191338733,1.402057979311371,12749.0
0.7619831409966483,-1.046864964421121,-0.7614204288704421,12750.0
0.43659566274115785,-1.046864964421121,1.4544216136335077,12752.0
-0.4436804936346096,0.9434699379324127,2.7306919940628855,12753.0
1.1843206369864592,0.1735032936200612,0.616222809172092,12754.0
1.306349084125488,-1.046864964421121,-2.9717239821228008,12755.0
0.48656061400111966,-1.046864964421121,-1.4841069320462845,12756.0
-0.697428299279993,1.6167819902090863,1.6208106928597186,12757.0
0.6937131703589926,-0.2768983201087692,1.09545479411466,12758.0
0.1267011893484174,0.1735032936200612,0.6137433822794683,12759.0
-1.1820849912145606,-0.2768983201087692,0.7861334417682427,12762.0
0.8091388807398133,-0.2768983201087692,-0.29388702091390323,12763.0
1.390637042799955,-1.046864964421121,0.6946272586520214,12764.0
-1.666741683149128,1.1147046843093364,1.831831343365742,12766.0
1.1931529035533128,-1.046864964421121,0.3794459009911374,12769.0
1.1060273238792346,-1.046864964421121,0.513429801529674,12770.0
0.22675898866876867,-1.046864964421121,0.18051739591953794,12772.0
-0.6550388479724051,0.7409422191338733,0.5337064100360122,12775.0
-0.5414036937710863,0.9434699379324127,0.11474954839735951,12778.0
-0.09261187884029425,1.2630349685159339,1.3802858853422715,12779.0
0.2718850845891419,-0.2768983201087692,0.11913828029295201,12781.0
-1.5107170776402215,0.7409422191338733,0.9507589007469075,12782.0
-2.151398375083695,0.9434699379324127,0.9137744726517679,12783.0
-1.0997297021385526,-0.2768983201087692,-0.17300772652742774,12784.0
1.487304538959081,-1.046864964421121,-0.6628345897701861,12785.0
-1.0260603857056536,0.1735032936200612,-0.3448707823124046,12787.0
0.28272579485732363,-1.046864964421121,-1.643812351915688,12789.0
1.0400477670289971,-1.046864964421121,-0.6301514767416819,12790.0
1.5062545282247615,-1.046864964421121,-1.04973223410998,12791.0
1.2439244438642056,-1.046864964421121,-0.4622796686986402,12792.0
1.4292536423870812,-0.2768983201087692,-0.2144830863995144,12793.0
0.14001991215468154,-0.2768983201087692,0.15116564950615427,12794.0
-0.5772685707748618,-1.046864964421121,-0.40444310075352913,12795.0
1.4911358461122124,-1.046864964421121,-0.8276222317314398,12797.0
0.9590567941048489,-1.046864964421121,0.2596320465959349,12798.0
1.0215978362901939,-1.046864964421121,-0.4098663076741388,12802.0
-0.11125863204513715,0.1735032936200612,-0.3110051391877443,12808.0
0.9871091674185659,-1.046864964421121,-0.3016704357541899,12809.0
1.254723296440975,0.1735032936200612,-0.2608492298246902,12811.0
0.025608287239488887,-1.046864964421121,-0.908607375138034,12812.0
0.5977805264020173,-1.046864964421121,-1.3906904378322213,12814.0
0.8580547518239977,-0.2768983201087692,0.32115505529414856,12815.0
0.5553910750944296,-0.2768983201087692,-0.17611448996217455,12816.0
1.306349084125488,-1.046864964421121,-1.1687849712003069,12817.0
1.2573971498179417,-1.046864964421121,0.6192983494932984,12818.0
-1.867892384578408,0.49306832420358254,0.22414179216760866,12820.0
1.1158987133315823,-1.046864964421121,-1.63624863027585,12821.0
0.3444610281550118,-0.2768983201087692,0.2296907523462592,12822.0
0.3827835941776752,0.7409422191338733,0.7251215338078457,12823.0
0.22675898866876867,-1.046864964421121,-0.4691596163503206,12824.0
-1.867892384578408,1.1147046843093364,0.5834638017080916,12826.0
-1.3832356926438403,0.1735032936200612,-0.4050583791423435,12827.0
-1.867892384578408,0.9434699379324127,0.28666309189309114,12828.0
1.4334156297113096,-0.2768983201087692,-0.7131158350207256,12829.0
-0.09261187884029425,0.7409422191338733,1.4850243598975446,12830.0
1.2573971498179417,-1.046864964421121,-0.9612730937939921,12831.0
-0.21277160734542533,-0.2768983201087692,-0.49814334718966546,12832.0
0.843735920939306,-1.046864964421121,-0.42923763141012544,12833.0
1.3113080538902446,-1.046864964421121,-0.6617294212625479,12834.0
0.215007253117324,0.49306832420358254,1.0423689735422408,12836.0
0.9671872555515091,-1.046864964421121,-1.34019361404799,12837.0
-0.1703821560378375,-0.2768983201087692,-0.03394723968761932,12838.0
-1.867892384578408,1.8846713286216876,1.6527594744435365,12839.0
0.8388970655997174,0.49306832420358254,1.0766055840987008,12840.0
-1.5107170776402215,2.528749402688867,1.3885038553439133,12841.0
0.3345429639050105,-0.2768983201087692,0.3619918171155723,12842.0
0.2934009916187583,1.2630349685159339,0.6985866961860995,12843.0
-0.28160206843873536,-0.2768983201087692,-0.6275875420265606,12844.0
1.2706151579238536,0.49306832420358254,-0.5611748707783025,12845.0
-0.4747616908210964,-1.046864964421121,0.16147757991178616,12847.0
-0.2349706720317201,-0.2768983201087692,0.31161528989038767,12849.0
0.5626368581326198,-1.046864964421121,-1.3337579084924744,12851.0
1.3403452424953657,-1.046864964421121,-0.6638640220298353,12852.0
0.7937709696793442,0.9434699379324127,0.8105150722174146,12853.0
0.41911445707406475,0.1735032936200612,0.4972687490794372,12854.0
1.5043824740783878,-1.046864964421121,-2.349802260989843,12855.0
-1.1820849912145606,0.9434699379324127,0.8970277358964689,12856.0
1.1060273238792346,-0.2768983201087692,0.35291364500649713,12857.0
0.1267011893484174,-1.046864964421121,-0.25101426911879865,12863.0
0.8091388807398133,-1.046864964421121,-1.2658489921012972,12864.0
-0.35795550258615016,-0.2768983201087692,0.6327896069594519,12865.0
1.3113080538902446,-1.046864964421121,-0.19466756119877104,12866.0
-0.35795550258615016,1.1147046843093364,1.391384919050541,12867.0
1.0178487023427027,0.9434699379324127,0.6524132585976072,12868.0
0.4620243489013911,-0.2768983201087692,-0.5031652438241094,12871.0
1.4123534406713718,-0.2768983201087692,-0.13809198457959235,12872.0
1.3088329652668718,-1.046864964421121,-0.5172845594536788,12873.0
0.8340244897418808,-1.046864964421121,-2.140276329943641,12875.0
0.2030546234958319,-0.2768983201087692,0.9109255252527053,12876.0
-1.666741683149128,1.7134365822447646,0.6160086464406386,12877.0
1.1843206369864592,-0.2768983201087692,0.1460956314423407,12878.0
0.025608287239488887,0.1735032936200612,-0.17468556407165736,12879.0
1.2937955726743802,-1.046864964421121,-0.6995399839184414,12881.0
-1.0997297021385526,-0.2768983201087692,0.5770840614338755,12882.0
-0.38537908826217976,0.49306832420358254,-0.010407314048220734,12883.0
0.4945516930480387,-1.046864964421121,-0.670328072926005,12884.0
0.2608736474721113,0.1735032936200612,0.4013283502199844,12885.0
0.3142745358967301,-0.2768983201087692,0.5292717383139355,12886.0
1.1158987133315823,-0.2768983201087692,-0.5611068982567816,12888.0
-0.41392230877470515,-1.046864964421121,-0.5035236501622423,12890.0
1.0178487023427027,-0.2768983201087692,-1.3838384370690981,12891.0
-0.2349706720317201,-1.046864964421121,-1.0685297473501876,12893.0
-0.022632343033176155,-0.2768983201087692,-0.5198629665703869,12895.0
1.08585635378539,-0.2768983201087692,-0.9558815554740114,12897.0
-1.0260603857056536,2.386748634521438,1.93051758020152,12901.0
1.265357901532723,-1.046864964421121,-1.3132492493070167,12902.0
-0.6150730102039852,-0.2768983201087692,-0.2691040257071404,12904.0
-0.8985790007092727,0.7409422191338733,1.1314844697835484,12906.0
-0.056747001836518776,0.7409422191338733,0.8965638643614119,12909.0
-0.4436804936346096,1.2630349685159339,1.1730438066661946,12910.0
-1.867892384578408,0.7409422191338733,0.6795280606898142,12912.0
-1.5107170776402215,0.7409422191338733,1.0016722493782801,12913.0
0.8627632666270945,-0.2768983201087692,-0.5398006344230792,12915.0
0.8141873633650334,0.49306832420358254,1.1548652092544927,12916.0
0.7565417765237095,-1.046864964421121,-0.14611538960945336,12917.0
-1.1820849912145606,0.9434699379324127,0.503718206859237,12919.0
-0.6550388479724051,-1.046864964421121,-1.1775790018933172,12920.0
-1.0997297021385526,2.964240362213888,2.5251884470855903,12921.0
0.9169228559760545,-1.046864964421121,-0.4526428690483696,12922.0
0.2718850845891419,-1.046864964421121,-1.1176362692706574,12923.0
0.4945516930480387,0.49306832420358254,0.2167517162533358,12924.0
-1.5107170776402215,-0.2768983201087692,-0.021223487149662806,12925.0
-0.15011372802955736,0.7409422191338733,0.852678274373195,12928.0
1.37952056372284,-1.046864964421121,-1.4438310051982473,12929.0
0.41020717985370486,-0.2768983201087692,-0.432280568345919,12930.0
-0.4747616908210964,1.9613104771750551,2.844474522228998,12931.0
-0.41392230877470515,0.1735032936200612,-0.12804549099168613,12933.0
-2.151398375083695,1.1147046843093364,0.8899188173435988,12935.0
-0.6550388479724051,0.49306832420358254,0.32148693895675645,12936.0
-0.7425543952003661,0.49306832420358254,0.5993813752620842,12937.0
-0.35795550258615016,-1.046864964421121,-1.4694945032589346,12938.0
0.2718850845891419,1.2630349685159339,2.237005579855595,12939.0
0.1659196066223777,-0.2768983201087692,0.1992387936837093,12940.0
0.7727404578833741,0.1735032936200612,-0.03304340936721626,12942.0
-0.13041631826941766,-0.2768983201087692,-0.13204369609933958,12944.0
1.323553757534285,-1.046864964421121,-0.34610030240858347,12945.0
0.8388970655997174,0.9434699379324127,0.6508791163834529,12947.0
-0.697428299279993,1.1147046843093364,0.8535529638006948,12948.0
-0.2349706720317201,1.2630349685159339,1.4168919894058647,12949.0
-2.151398375083695,0.1735032936200612,0.7623208072569104,12950.0
-1.0997297021385526,0.9434699379324127,0.3216151299763951,12951.0
-1.3832356926438403,0.49306832420358254,0.5347187641359742,12952.0
-1.0260603857056536,-1.046864964421121,-0.6180694293702759,12953.0
-2.6360550670182628,1.6167819902090863,1.5231196853397884,12955.0
1.3659432088418726,-1.046864964421121,-1.5133382165979061,12956.0
-1.0260603857056536,1.2630349685159339,1.3875438598335241,12957.0
-1.275451717407599,-0.2768983201087692,-0.7895050880022547,12962.0
-1.1820849912145606,1.2630349685159339,0.7682325252531631,12963.0
0.5024524754839983,-1.046864964421121,0.06408167717073208,12965.0
-1.0260603857056536,-1.046864964421121,-1.1976125343883508,12966.0
1.4756830225729232,-0.2768983201087692,0.6788520621422331,12967.0
0.6631750503306709,-1.046864964421121,-1.3292008091157137,12968.0
-1.275451717407599,0.49306832420358254,-0.36487929159583377,12970.0
-1.666741683149128,3.901144544219591,2.1764564192663816,12971.0
1.0615636740586136,-1.046864964421121,-1.2786018481917008,12974.0
1.1093332960238163,-1.046864964421121,0.028690449968881353,12976.0
0.8948638717882724,-1.046864964421121,-2.3261481668781947,12977.0
0.9037711490086323,1.3938715516612432,1.8748792585843115,12980.0
-0.2578977032657986,-0.2768983201087692,-0.5211121733440025,12981.0
1.2047583451810127,-1.046864964421121,-0.4825647573429005,12982.0
-0.5772685707748618,-1.046864964421121,-1.5959177837590917,12984.0
-2.6360550670182628,-0.2768983201087692,0.4439760471038045,12985.0
0.3733980598894307,-0.2768983201087692,-0.19527046998895295,12987.0
1.333198211213005,-1.046864964421121,-0.22956774014223708,12988.0
-1.867892384578408,1.8846713286216876,1.7244589844696137,12989.0
-0.2349706720317201,0.1735032936200612,-0.4445298697487996,12990.0
-0.4436804936346096,-0.2768983201087692,-0.2783201167121275,12991.0
-0.4436804936346096,0.49306832420358254,-0.43428983110762354,12993.0
-1.666741683149128,0.1735032936200612,0.2510002676505921,12994.0
0.47029914140563667,-1.046864964421121,-0.9753111653723309,12995.0
-0.4747616908210964,0.49306832420358254,0.4358496187314347,12997.0
1.0544650160721998,0.1735032936200612,-0.3584474602236846,12999.0
0.6312420213970147,0.1735032936200612,-0.23027246451906058,13000.0
-1.666741683149128,1.8023501878361203,2.104516357878726,13001.0
1.3928392865291042,-1.046864964421121,-1.4229992458552105,13002.0
0.6246766040892487,0.1735032936200612,-1.2553922457884985,13003.0
-0.8985790007092727,2.1638381959735944,1.6619601958225148,13004.0
0.9712173059356872,-0.2768983201087692,-0.26264333043304333,13005.0
0.17851835839610394,-1.046864964421121,-1.7390431835586777,13006.0
1.403747648270996,-1.046864964421121,-0.9092015391857504,13008.0
1.5025053942772697,-1.046864964421121,-2.122949146815612,13011.0
-1.0997297021385526,1.2630349685159339,0.679306009702364,13012.0
-2.6360550670182628,1.8023501878361203,1.5321390063948048,13013.0
-0.9594183827556639,1.510908863446225,1.2691321504594788,13014.0
0.14001991215468154,0.7409422191338733,1.24086448070534,13015.0
0.36388482734386973,0.1735032936200612,0.08255553669790223,13016.0
-1.275451717407599,-1.046864964421121,-1.0035955928327598,13017.0
-0.697428299279993,2.6546379729340397,1.864234590548549,13018.0
-1.666741683149128,1.3938715516612432,1.0434491092790696,13021.0
0.2718850845891419,-0.2768983201087692,-0.026035238524679614,13023.0
-2.6360550670182628,0.7409422191338733,0.25177386764267873,13026.0
0.6755508035995611,0.9434699379324127,0.9072928274428459,13027.0
-0.4436804936346096,-0.2768983201087692,-0.0599801841341144,13028.0
-0.2349706720317201,0.1735032936200612,0.4492153912209235,13029.0
-0.9594183827556639,-0.2768983201087692,0.0922377143532998,13030.0
0.1267011893484174,-0.2768983201087692,0.27991676673977156,13032.0
1.4737271840781139,-1.046864964421121,-1.0583176898959572,13033.0
0.1659196066223777,-0.2768983201087692,-0.08280671028951121,13034.0
0.3733980598894307,-0.2768983201087692,0.20653014057387664,13035.0
0.8091388807398133,0.1735032936200612,0.17020299459461896,13037.0
0.42790969009804847,0.1735032936200612,0.19476484863387464,13038.0
-1.0997297021385526,-0.2768983201087692,-0.04119107011414528,13040.0
1.2861538375298014,-1.046864964421121,-0.2584063517906231,13043.0
1.330799540572475,-1.046864964421121,-0.19273270296980755,13044.0
0.5769069821240461,-1.046864964421121,-0.680175420309696,13045.0
-0.2349706720317201,-0.2768983201087692,-0.09978605887877882,13046.0
-0.21277160734542533,1.510908863446225,1.2143596487542037,13047.0
-0.7907950254730315,0.49306832420358254,0.759228363640367,13048.0
0.2718850845891419,-0.2768983201087692,-0.06562927480117399,13049.0
-0.7425543952003661,2.100345083207834,1.687226629315151,13050.0
1.1093332960238163,-1.046864964421121,-0.5747481699071355,13052.0
0.41020717985370486,0.1735032936200612,0.4276466435411193,13055.0
-0.38537908826217976,0.1735032936200612,-0.7745561015554769,13058.0
1.2246155930504292,-1.046864964421121,-1.0890022298733204,13059.0
1.2357144261810717,-1.046864964421121,-0.6742838263709375,13060.0
0.3542403736651499,-1.046864964421121,-0.8449257037023497,13061.0
1.0363965221471698,-1.046864964421121,-0.5774489823176865,13062.0
-0.8426121945207178,0.49306832420358254,0.36235023607425676,13064.0
1.5043824740783878,-1.046864964421121,-0.9963135275070835,13065.0
-0.41392230877470515,-0.2768983201087692,-0.3326099450443159,13066.0
0.445175056341916,-1.046864964421121,-1.4602691923183355,13067.0
-1.0260603857056536,-0.2768983201087692,-0.5843693259515383,13068.0
-2.6360550670182628,2.483403226557116,1.4215185899179965,13069.0
1.0400477670289971,-1.046864964421121,-0.9115475384149917,13070.0
1.2706151579238536,-1.046864964421121,-1.1168206334932342,13072.0
0.7673824867918912,-1.046864964421121,0.20455211959679068,13075.0
-2.6360550670182628,0.49306832420358254,0.018491062785475857,13077.0
-1.867892384578408,2.572316832148472,2.3063871928964335,13078.0
-1.666741683149128,0.7409422191338733,-0.9426502470591551,13079.0
0.9910263306383557,-1.046864964421121,-2.011541135967672,13080.0
-0.8985790007092727,1.6167819902090863,2.9548732220408196,13081.0
0.7455303394066789,1.3938715516612432,0.9204222595954565,13082.0
-1.666741683149128,-0.2768983201087692,-0.6842065599187378,13083.0
0.9037711490086323,-0.2768983201087692,-0.431740471619166,13085.0
-1.867892384578408,4.034847779431698,3.5408825260291676,13089.0
-1.0997297021385526,1.8846713286216876,2.026664106043432,13090.0
-0.3061383335384639,-1.046864964421121,-0.5801357164752662,13091.0
0.3444610281550118,0.7409422191338733,-0.32071833658707327,13092.0
1.2937955726743802,1.2630349685159339,1.923174987170006,13093.0
-0.5072890349677437,1.7134365822447646,0.7982129170245239,13094.0
0.3444610281550118,-1.046864964421121,-1.812860537377586,13095.0
-0.19125570031580894,1.510908863446225,1.7107357421862657,13097.0
-2.6360550670182628,2.6546379729340397,2.9701589153481884,13098.0
0.5769069821240461,-1.046864964421121,-0.990488660501295,13099.0
1.17836986229356,-1.046864964421121,-1.5661137892462722,13101.0
-2.6360550670182628,2.483403226557116,1.7641380255423202,13102.0
-0.056747001836518776,-1.046864964421121,-0.8601400659315489,13103.0
-1.867892384578408,0.9434699379324127,0.34714974720228076,13104.0
0.7833347788358023,-1.046864964421121,-1.7905282979971242,13106.0
0.009895001113470848,0.49306832420358254,0.613837677826065,13107.0
1.5043824740783878,-1.046864964421121,-0.570358593968728,13108.0
0.22675898866876867,-0.2768983201087692,0.07914561072874672,13109.0
-0.2349706720317201,1.1147046843093364,0.5910175548044782,13110.0
-2.6360550670182628,2.483403226557116,2.161835166726733,13113.0
-0.8985790007092727,0.49306832420358254,0.9382218985333521,13115.0
0.8091388807398133,-1.046864964421121,-0.28250374999928973,13116.0
-0.4747616908210964,1.2630349685159339,0.2595913173266191,13117.0
-0.5414036937710863,0.7409422191338733,0.4166040214286351,13118.0
1.1931529035533128,-1.046864964421121,-2.525680866231285,13120.0
1.2758331806927994,-1.046864964421121,-0.7389098398387046,13121.0
0.5406702828270163,-0.2768983201087692,0.20697387167143833,13122.0
0.5102649791740564,0.1735032936200612,1.3567638679303713,13124.0
-1.5107170776402215,1.2630349685159339,0.86691941980712,13126.0
0.41020717985370486,-1.046864964421121,-0.8115504074961948,13127.0
0.5406702828270163,-1.046864964421121,-1.9336671981533207,13130.0
-0.4436804936346096,0.1735032936200612,0.32854458167662914,13131.0
1.2573971498179417,-1.046864964421121,-1.7821816567147066,13132.0
1.2887103734893812,-0.2768983201087692,-1.5005963815565257,13133.0
0.4784771504913606,0.49306832420358254,0.7405130746701708,13134.0
0.17851835839610394,0.7409422191338733,1.040755268982778,13136.0
-0.9594183827556639,1.2630349685159339,1.3106579134218292,13137.0
-0.4747616908210964,0.9434699379324127,0.24103340727578976,13138.0
-0.697428299279993,1.1147046843093364,1.5734178839276713,13139.0
0.6377463641704376,0.1735032936200612,-0.4171421256960833,13140.0
0.47029914140563667,0.7409422191338733,0.9704213436696403,13141.0
-0.5772685707748618,-1.046864964421121,-0.6754325624013828,13142.0
1.4250667328345732,-1.046864964421121,-1.492236979040305,13144.0
-0.056747001836518776,0.49306832420358254,-0.11366163509445432,13145.0
-0.35795550258615016,-1.046864964421121,-0.91116190338844,13146.0
-1.0260603857056536,0.49306832420358254,0.00016368542536231943,13147.0
-0.28160206843873536,1.7134365822447646,1.3230262241359427,13148.0
-0.7907950254730315,0.49306832420358254,0.6861420258966693,13149.0
1.3427114437585652,-1.046864964421121,0.4558571568203765,13151.0
-1.3832356926438403,-1.046864964421121,-0.3067531241231419,13153.0
-0.19125570031580894,0.49306832420358254,0.24880709368175866,13155.0
0.08515163220306504,0.49306832420358254,0.716742442101263,13157.0
0.5480694186031799,0.49306832420358254,0.418777979151704,13158.0
-1.0997297021385526,0.49306832420358254,0.5631498625995751,13159.0
-0.4747616908210964,-1.046864964421121,-1.6442492229623078,13160.0
1.3817580434113175,-1.046864964421121,-1.479325081388929,13161.0
0.7229731636723576,0.49306832420358254,0.6919751522066877,13162.0
0.040976198299957974,-0.2768983201087692,0.28884172250719736,13165.0
1.3113080538902446,-1.046864964421121,-0.42958371317712657,13166.0
-0.5772685707748618,0.49306832420358254,0.08401685389082467,13167.0
-0.13041631826941766,0.49306832420358254,0.49404576056767535,13168.0
0.2718850845891419,-0.2768983201087692,0.00025372679881393006,13169.0
-0.33156701969869745,-1.046864964421121,-1.4564564015292076,13170.0
-0.4747616908210964,0.1735032936200612,-0.3366932358523515,13171.0
-1.666741683149128,-0.2768983201087692,-0.5621724632690207,13173.0
-0.697428299279993,0.1735032936200612,1.1027332331681385,13174.0
0.040976198299957974,-1.046864964421121,-0.2959031305449848,13176.0
0.28272579485732363,-1.046864964421121,-0.7425375314949318,13177.0
-0.35795550258615016,1.6167819902090863,1.6717673778865711,13178.0
0.025608287239488887,-1.046864964421121,-1.421475005185491,13182.0
-1.1820849912145606,1.3938715516612432,1.3755199757679182,13183.0
-0.7425543952003661,1.510908863446225,0.6981293829286799,13184.0
1.2732290368781747,-1.046864964421121,-1.8458822210470054,13185.0
-0.056747001836518776,0.1735032936200612,0.6366989582401155,13186.0
1.4334156297113096,-1.046864964421121,-0.886621026891006,13187.0
-0.9594183827556639,-1.046864964421121,-1.4662675663010074,13188.0
-0.5772685707748618,-0.2768983201087692,-0.8068894590313267,13189.0
0.5480694186031799,-0.2768983201087692,0.1978323666832585,13192.0
0.23831647173779008,-1.046864964421121,-1.4436267935166733,13193.0
0.7989312278312977,-1.046864964421121,-1.9761411899835992,13194.0
-0.9594183827556639,0.49306832420358254,0.7423896444915489,13196.0
-1.0260603857056536,0.9434699379324127,1.2539348039651812,13198.0
-1.666741683149128,2.9938641726995003,2.1043774357572693,13199.0
-0.5772685707748618,0.49306832420358254,0.16014164165639716,13200.0
-1.0260603857056536,0.49306832420358254,0.1595605055853513,13203.0
-0.7425543952003661,-0.2768983201087692,-0.8396184197934422,13207.0
0.215007253117324,0.9434699379324127,0.43389194873480463,13208.0
-0.2578977032657986,1.2630349685159339,1.6947172895318456,13209.0
0.5406702828270163,-1.046864964421121,-0.5625582291801475,13210.0
-1.0260603857056536,0.1735032936200612,0.4163427502111655,13211.0
-0.5414036937710863,0.1735032936200612,0.08071495879517013,13212.0
0.1908941116649935,0.7409422191338733,0.6080336142620796,13213.0
1.2732290368781747,-1.046864964421121,-0.6086629106545576,13216.0
0.7229731636723576,0.1735032936200612,-0.23157858997587322,13217.0
0.7510577342465041,-1.046864964421121,-1.9509001186133181,13218.0
0.41020717985370486,0.49306832420358254,0.11187562097081864,13220.0
1.1960723725379039,-0.2768983201087692,0.1389509207847103,13221.0
1.0685909875415227,-0.2768983201087692,-1.1826267115891402,13223.0
0.22675898866876867,-0.2768983201087692,0.8881531002202109,13224.0
-1.867892384578408,1.1147046843093364,1.7690871630694798,13225.0
1.2861538375298014,-1.046864964421121,-1.5122995266801211,13226.0
1.0755483763475413,-1.046864964421121,-0.8161140473132804,13227.0
0.43659566274115785,-1.046864964421121,-0.5523639678653421,13228.0
1.1540469992421807,-1.046864964421121,-1.1937649791921991,13229.0
-1.666741683149128,1.8846713286216876,1.099862933025583,13230.0
-0.8426121945207178,1.1147046843093364,0.5170725821862407,13232.0
0.3733980598894307,-0.2768983201087692,-0.13123450424325842,13233.0
1.1093332960238163,-1.046864964421121,0.2963389761299617,13235.0
-0.38537908826217976,-0.2768983201087692,0.035451028388611354,13236.0
-0.6550388479724051,0.49306832420358254,-0.013538409634420726,13238.0
1.2573971498179417,-1.046864964421121,-0.6187751237807816,13239.0
0.5553910750944296,0.49306832420358254,-0.05715839534118509,13240.0
0.6631750503306709,0.1735032936200612,-0.7775177647830559,13242.0
1.0790012811719285,-1.046864964421121,-0.1379582700935502,13243.0
0.5331920104081352,-1.046864964421121,-1.4177758742453417,13244.0
0.11312383446744997,-1.046864964421121,-0.4044058263147536,13245.0
-0.6150730102039852,0.9434699379324127,0.8228010198522165,13246.0
-0.6150730102039852,0.49306832420358254,-0.2825357701799772,13247.0
0.7399589011158623,-0.2768983201087692,-0.34138298206703216,13248.0
0.5256328902345255,0.1735032936200612,-0.0014023987023050388,13249.0
0.8993316940568102,-0.2768983201087692,0.29581745491518424,13253.0
-1.0997297021385526,-0.2768983201087692,-0.4643454983932231,13255.0
-0.8985790007092727,0.1735032936200612,-0.016003875786440178,13258.0
0.24968601990284747,-1.046864964421121,-0.7149800239512586,13259.0
0.23831647173779008,-1.046864964421121,-0.19682289047809823,13260.0
1.2758331806927994,-0.2768983201087692,0.22563886861482715,13261.0
1.2600608170621215,-1.046864964421121,-1.0183209989775037,13262.0
-2.6360550670182628,2.9025118678643302,1.883446242773512,13263.0
0.14001991215468154,0.7409422191338733,0.869978181162445,13265.0
-0.9594183827556639,1.7134365822447646,1.3500811727742763,13266.0
-1.867892384578408,2.2238975283871487,1.4823547173208214,13267.0
-0.6150730102039852,1.6167819902090863,1.2086769797511272,13268.0
-2.6360550670182628,1.9613104771750551,1.6167824139826983,13269.0
1.4911358461122124,-1.046864964421121,-0.15153644845878408,13270.0
-0.11125863204513715,-1.046864964421121,-0.9526270289388111,13271.0
-0.2349706720317201,-0.2768983201087692,-0.7594452874523822,13272.0
0.6693903073076132,-1.046864964421121,-1.3115155160299912,13273.0
0.2718850845891419,-0.2768983201087692,-0.15027278023876617,13276.0
-0.697428299279993,0.49306832420358254,-0.8139376477608875,13277.0
-0.03948163559265158,-1.046864964421121,-0.21853812587591182,13278.0
0.41020717985370486,-1.046864964421121,-1.3186477553769176,13279.0
0.7229731636723576,0.1735032936200612,0.10752564305143225,13280.0
-0.6150730102039852,0.1735032936200612,0.3713653713756845,13282.0
0.22675898866876867,-0.2768983201087692,-1.6281556886246804,13283.0
1.4208546007832665,-1.046864964421121,-1.0147238907722902,13284.0
-0.4436804936346096,0.49306832420358254,1.0713954397375758,13285.0
0.8948638717882724,-1.046864964421121,-0.5454242478477844,13291.0
-0.07444951208086271,-0.2768983201087692,-0.16671918470750052,13292.0
1.0327261105377474,-0.2768983201087692,0.16350028226434551,13294.0
1.4795783630431916,-1.046864964421121,-1.0146840133569737,13295.0
0.8040536815548137,-1.046864964421121,-1.6836564748741845,13296.0
-1.1820849912145606,0.49306832420358254,0.8631697199619958,13297.0
-2.6360550670182628,-1.046864964421121,-0.5478942423367663,13298.0
1.2732290368781747,-1.046864964421121,-1.2914480774640746,13299.0
0.9508306779768274,-1.046864964421121,-0.5218237980346112,13300.0
0.6113578812829846,0.49306832420358254,-0.11421960387449136,13301.0
0.8903673173463216,-1.046864964421121,-1.9368073730319397,13302.0
1.4618758527988474,-1.046864964421121,-0.6930508637856759,13304.0
-1.666741683149128,1.510908863446225,0.8282568767469373,13305.0
0.7114156806033363,-1.046864964421121,-3.0976902340390846,13307.0
-0.4436804936346096,0.1735032936200612,0.5333995591810399,13308.0
-1.275451717407599,0.7409422191338733,0.5736492943298465,13309.0
-0.3061383335384639,0.1735032936200612,0.37128741388806513,13310.0
-1.666741683149128,-0.2768983201087692,-0.13996633108629472,13311.0
-0.4747616908210964,0.7409422191338733,0.6261574555315831,13313.0
-2.151398375083695,0.1735032936200612,0.06825951267796382,13314.0
-0.11125863204513715,0.49306832420358254,1.6011895708568458,13316.0
0.2934009916187583,0.9434699379324127,0.9308106752572953,13317.0
-2.6360550670182628,0.1735032936200612,-0.08531954874192905,13318.0
-1.5107170776402215,2.572316832148472,2.1843095844479046,13319.0
0.41020717985370486,0.49306832420358254,0.6227352324375798,13320.0
0.3542403736651499,-0.2768983201087692,-0.18292978964175674,13321.0
-0.6550388479724051,-1.046864964421121,-1.0215722432015772,13322.0
-1.867892384578408,0.7409422191338733,0.08048077054761121,13323.0
-0.13041631826941766,1.510908863446225,1.8468778873589562,13324.0
0.445175056341916,-1.046864964421121,-0.04319642515888727,13325.0
-0.07444951208086271,1.2630349685159339,1.3056664348408684,13327.0
1.3884278409431998,-1.046864964421121,0.4875054972523761,13328.0
-0.21277160734542533,-0.2768983201087692,0.08165102880866267,13329.0
0.5331920104081352,0.1735032936200612,0.37757052317571793,13330.0
-0.7907950254730315,-1.046864964421121,-0.5684356774121935,13332.0
0.445175056341916,0.1735032936200612,1.2852955979417577,13334.0
0.40118496685500016,-1.046864964421121,0.08785028645529858,13336.0
0.9037711490086323,-1.046864964421121,-0.3054341255813711,13338.0
1.0720783354488947,-1.046864964421121,0.1508951852157104,13339.0
0.025608287239488887,1.1147046843093364,2.144594601526664,13340.0
1.254723296440975,-1.046864964421121,0.06816644824368141,13341.0
0.9871091674185659,-1.046864964421121,-0.5626717250507158,13343.0
0.3142745358967301,0.1735032936200612,1.0208526620230223,13344.0
1.323553757534285,-1.046864964421121,-0.48470415198419614,13345.0
0.3345429639050105,-1.046864964421121,-0.5905503652050387,13347.0
0.2718850845891419,-1.046864964421121,-0.8943405673303306,13348.0
-0.9594183827556639,-1.046864964421121,-0.8490996272487747,13349.0
-0.697428299279993,-0.2768983201087692,0.2548608299784243,13350.0
0.2934009916187583,-1.046864964421121,-0.5174132832003455,13351.0
0.22675898866876867,-1.046864964421121,-0.46742401073002454,13352.0
0.3444610281550118,-1.046864964421121,0.03402793172607894,13354.0
0.7229731636723576,-1.046864964421121,-0.04390959290121707,13355.0
0.42790969009804847,-1.046864964421121,0.06025802792180968,13356.0
1.2439244438642056,-1.046864964421121,-0.12485594930271782,13357.0
1.2758331806927994,-1.046864964421121,-0.3886640921757766,13358.0
0.2718850845891419,-1.046864964421121,-0.38769611783064306,13359.0
-1.0997297021385526,0.49306832420358254,1.1771296973866652,13362.0
-0.6150730102039852,-0.2768983201087692,0.2657504755840168,13363.0
0.3444610281550118,-1.046864964421121,-1.335064705291371,13364.0
-0.1703821560378375,-0.2768983201087692,0.9135798098235188,13365.0
0.09927760367238778,-1.046864964421121,-2.0385122019236204,13366.0
1.2439244438642056,-0.2768983201087692,-0.10735638065179716,13368.0
1.4911358461122124,-1.046864964421121,-0.6723295367670392,13369.0
1.5025053942772697,-1.046864964421121,0.046172099614997006,13370.0
0.5102649791740564,-1.046864964421121,-0.5073919613084548,13372.0
0.23831647173779008,0.1735032936200612,1.2326635800639236,13373.0
0.5024524754839983,-1.046864964421121,0.0710567418042076,13375.0
0.5769069821240461,0.1735032936200612,0.28748962298225395,13376.0
-0.35795550258615016,0.1735032936200612,-0.17560987252944332,13379.0
-0.21277160734542533,0.9434699379324127,1.3082145579901134,13381.0
1.306349084125488,-1.046864964421121,-0.932184114442871,13382.0
-0.2349706720317201,1.1147046843093364,1.4139427963673858,13384.0
1.4187389809968,-1.046864964421121,-0.23069259473763756,13385.0
0.7727404578833741,-0.2768983201087692,-0.041060717622809904,13388.0
-0.9594183827556639,0.1735032936200612,0.09071087500141868,13389.0
0.3827835941776752,-1.046864964421121,-0.2165449090405384,13390.0
1.082437218336585,-1.046864964421121,-1.9881261811692008,13391.0
-2.151398375083695,1.2630349685159339,1.0133424136599305,13394.0
1.0140793573329043,-1.046864964421121,-0.6737882892730697,13395.0
-0.28160206843873536,-0.2768983201087692,0.5190735052441142,13396.0
0.36388482734386973,0.7409422191338733,0.6203642155486546,13397.0
1.0400477670289971,-1.046864964421121,-0.35588207852453146,13398.0
0.7510577342465041,-0.2768983201087692,-0.11015403521648547,13402.0
-0.6150730102039852,-1.046864964421121,-1.8064162163271438,13403.0
-2.6360550670182628,-0.2768983201087692,-0.8325008814958413,13404.0
0.3733980598894307,0.1735032936200612,-0.1757626259770678,13405.0
-2.151398375083695,3.5376675882644473,2.948610375344092,13408.0
-0.41392230877470515,0.7409422191338733,0.2742418377136516,13410.0
0.6312420213970147,-1.046864964421121,-0.9668889379353476,13411.0
0.7885723449436071,-0.2768983201087692,-0.18131931321610434,13414.0
0.009895001113470848,-0.2768983201087692,-0.00017405975213318533,13416.0
-1.5107170776402215,-0.2768983201087692,-0.08523190455608749,13417.0
-0.8985790007092727,2.1638381959735944,1.7262049775607993,13418.0
0.2718850845891419,-1.046864964421121,-0.9391584421504802,13419.0
0.8674402861122428,-0.2768983201087692,-1.199267151772633,13420.0
-0.056747001836518776,-0.2768983201087692,0.7658305876023008,13421.0
0.2718850845891419,-1.046864964421121,1.0464853277699142,13422.0
0.6377463641704376,0.1735032936200612,0.660929915160903,13425.0
-2.6360550670182628,1.510908863446225,1.3086575555032756,13426.0
-0.5772685707748618,0.1735032936200612,-0.1616630046289482,13427.0
-1.0260603857056536,-1.046864964421121,-0.9486140716845646,13428.0
-0.9594183827556639,0.49306832420358254,0.2772277735914868,13429.0
-0.5772685707748618,-0.2768983201087692,-0.03828096165258994,13430.0
0.3039156530090395,-0.2768983201087692,0.4629882598305168,13431.0
0.3733980598894307,-0.2768983201087692,-0.23118803081200082,13434.0
-1.5107170776402215,1.1147046843093364,1.3449655091438413,13435.0
-2.151398375083695,-1.046864964421121,-1.032057506707241,13436.0
-0.7907950254730315,1.1147046843093364,1.2555419532969492,13437.0
1.2384618238454914,-1.046864964421121,-0.7389663965606575,13439.0
0.5256328902345255,-1.046864964421121,-0.7032099303615158,13441.0
-0.4436804936346096,0.1735032936200612,0.36923653957774477,13447.0
-0.6550388479724051,0.9434699379324127,1.285873846947129,13448.0
-0.41392230877470515,-1.046864964421121,-0.7161885760771067,13449.0
-0.33156701969869745,0.9434699379324127,0.8452615845773865,13450.0
-0.35795550258615016,0.7409422191338733,1.1468182669450344,13451.0
1.2493447175655266,-0.2768983201087692,-0.15153644845878408,13452.0
0.9383071466653319,-0.2768983201087692,-0.5546531521379722,13453.0
-0.38537908826217976,-0.2768983201087692,0.31728300901418743,13455.0
-0.6150730102039852,0.9434699379324127,0.7284070421996419,13456.0
-1.275451717407599,1.8846713286216876,2.090316577152727,13458.0
-0.28160206843873536,-0.2768983201087692,-1.0888272623320547,13460.0
-0.07444951208086271,0.1735032936200612,0.5671296426173497,13461.0
1.2329561906279893,-1.046864964421121,-1.242311480511277,13462.0
0.2030546234958319,-1.046864964421121,-0.043933376080376216,13464.0
1.0102895821690931,-1.046864964421121,-0.673319115229249,13466.0
-0.9594183827556639,-0.2768983201087692,0.33628877388480805,13467.0
-2.151398375083695,2.964240362213888,1.6688895450806824,13468.0
0.5769069821240461,-0.2768983201087692,-1.173826107913247,13470.0
-2.6360550670182628,0.49306832420358254,1.0170144233471794,13471.0
0.23831647173779008,-0.2768983201087692,-0.41918971589455034,13473.0
1.1843206369864592,-1.046864964421121,-0.9087820835979484,13474.0
1.0363965221471698,0.49306832420358254,0.5597556611428404,13475.0
0.9910263306383557,-0.2768983201087692,0.4433867414872727,13476.0
-0.09261187884029425,0.9434699379324127,0.5724312330575332,13477.0
1.0720783354488947,-0.2768983201087692,-0.6916366716960786,13479.0
0.040976198299957974,0.7409422191338733,0.7454097331114646,13481.0
1.172368007364967,-1.046864964421121,-1.0835959006727518,13482.0
0.2934009916187583,-1.046864964421121,-1.303702576057277,13483.0
1.1989797023232658,-1.046864964421121,-0.658090571901962,13484.0
1.1753753746075404,-1.046864964421121,-0.3613389378796396,13485.0
0.41020717985370486,0.1735032936200612,0.36444021083143996,13486.0
0.2030546234958319,0.1735032936200612,-0.1716400905939142,13487.0
-0.6550388479724051,1.8023501878361203,2.0318237722157613,13488.0
0.6180489544102976,0.49306832420358254,-0.36971938156698786,13489.0
0.1267011893484174,1.510908863446225,0.4285776355737414,13491.0
0.7989312278312977,0.1735032936200612,0.4634559448669568,13492.0
1.2912575960004193,-0.2768983201087692,-0.11351896120279183,13493.0
1.37952056372284,-1.046864964421121,-0.6518254491320952,13494.0
-1.1820849912145606,0.7409422191338733,0.8457129190130817,13495.0
-0.9594183827556639,-0.2768983201087692,-0.06973268868465435,13496.0
1.3113080538902446,-0.2768983201087692,-0.5749786535793019,13497.0
-0.6150730102039852,0.7409422191338733,0.39025409916850573,13499.0
-0.4436804936346096,0.1735032936200612,0.39553876117560127,13500.0
1.323553757534285,-1.046864964421121,0.5067949093240185,13501.0
-0.6550388479724051,0.1735032936200612,-0.715858790366924,13502.0
0.3444610281550118,-1.046864964421121,-0.9545855598994788,13503.0
0.2718850845891419,-1.046864964421121,-0.7051325486826394,13504.0
0.36388482734386973,0.49306832420358254,1.4593396914752057,13505.0
1.3884278409431998,-0.2768983201087692,-0.35381466507823683,13506.0
-1.867892384578408,0.49306832420358254,1.0002269563000203,13507.0
1.2076298556069252,-1.046864964421121,-1.4920923659077412,13508.0
-1.0997297021385526,1.1147046843093364,0.2553523333267642,13509.0
-2.6360550670182628,0.49306832420358254,0.7396089684097551,13510.0
1.254723296440975,-1.046864964421121,-0.836578561432066,13512.0
0.7510577342465041,-1.046864964421121,-0.9992810137571912,13513.0
0.3733980598894307,-1.046864964421121,-1.2386129585839758,13514.0
0.36388482734386973,0.49306832420358254,0.1793028526173374,13515.0
-0.5072890349677437,0.1735032936200612,0.5356547775827799,13516.0
0.22675898866876867,0.1735032936200612,0.8778421331521695,13517.0
0.4784771504913606,-1.046864964421121,-0.062264248906546305,13518.0
0.41020717985370486,-1.046864964421121,-1.4111470435894395,13519.0
0.215007253117324,0.9434699379324127,1.3049097146235114,13520.0
-2.6360550670182628,0.1735032936200612,0.34361420758038513,13521.0
-0.2578977032657986,-1.046864964421121,-1.3914553960887652,13522.0
-0.19125570031580894,0.7409422191338733,1.3769579848435904,13523.0
-0.03948163559265158,0.7409422191338733,-0.03741941987121725,13524.0
-0.7425543952003661,-0.2768983201087692,-0.10046204591233067,13525.0
-0.1703821560378375,1.1147046843093364,0.9356760862069831,13527.0
0.41911445707406475,-0.2768983201087692,-0.673684004661589,13529.0
1.08585635378539,-0.2768983201087692,-0.3107563468996496,13531.0
-0.1703821560378375,-1.046864964421121,-0.979155001645103,13532.0
1.0064791541776454,0.1735032936200612,-0.7763614153290401,13533.0
-2.151398375083695,2.528749402688867,1.6917799850568471,13534.0
-2.6360550670182628,1.1147046843093364,1.264957297862002,13536.0
-0.006179541443206692,1.1147046843093364,0.4703823281037664,13538.0
0.4784771504913606,0.1735032936200612,-0.09720215671394786,13539.0
-0.056747001836518776,-0.2768983201087692,-0.7174815435565383,13544.0
-0.8985790007092727,0.1735032936200612,-0.10274931574552969,13546.0
0.5553910750944296,-0.2768983201087692,-0.03479330188540622,13548.0
-0.35795550258615016,1.1147046843093364,0.20332102119298814,13549.0
1.3950346158238631,-1.046864964421121,-1.6442492229623078,13551.0
0.2934009916187583,1.7134365822447646,1.3301259241612937,13552.0
0.3733980598894307,0.49306832420358254,1.41343055025771,13555.0
-0.3061383335384639,-0.2768983201087692,-0.15965491563790674,13557.0
-1.3832356926438403,0.49306832420358254,-0.131314060705069,13558.0
-1.275451717407599,-1.046864964421121,-1.1295111118129892,13560.0
1.1224030561050051,-1.046864964421121,-1.2950595671791119,13561.0
0.445175056341916,0.1735032936200612,0.7430810808089108,13562.0
0.4620243489013911,-0.2768983201087692,0.06990187353534351,13563.0
0.8388970655997174,0.1735032936200612,0.7203284745490057,13564.0
-0.5772685707748618,-0.2768983201087692,-0.8724693188194252,13565.0
-0.03948163559265158,-0.2768983201087692,0.16439049282503274,13566.0
0.9671872555515091,-1.046864964421121,-1.0486914846356028,13568.0
-0.6550388479724051,-0.2768983201087692,-0.5178210447008791,13569.0
1.2047583451810127,-1.046864964421121,-0.8749111666938675,13570.0
-0.8426121945207178,1.7134365822447646,0.8641174169537154,13571.0
1.089258851039665,-1.046864964421121,0.5326695932071476,13572.0
0.09927760367238778,-0.2768983201087692,-0.7092913840602916,13573.0
-0.4436804936346096,0.7409422191338733,0.021565612157358284,13575.0
-1.0260603857056536,2.1638381959735944,1.7999511059200495,13576.0
-0.38537908826217976,0.49306832420358254,0.6916471815493253,13577.0
-0.7425543952003661,-0.2768983201087692,-0.33904327165618925,13579.0
1.372764841544953,-1.046864964421121,-1.4428104661707248,13581.0
0.8948638717882724,-1.046864964421121,0.07350533124111616,13583.0
1.36822448918849,-1.046864964421121,-1.2920113022378497,13584.0
0.2718850845891419,-1.046864964421121,-0.0002866730805933261,13587.0
-0.697428299279993,1.3938715516612432,1.000158992552491,13588.0
-0.7425543952003661,-0.2768983201087692,-0.5052546859307847,13589.0
-0.9594183827556639,0.9434699379324127,0.8206260584645272,13590.0
0.28272579485732363,0.1735032936200612,0.36065709111988803,13591.0
-0.13041631826941766,0.49306832420358254,-0.8470261293224802,13592.0
0.6377463641704376,0.7409422191338733,0.8426506419259759,13593.0
0.14001991215468154,-1.046864964421121,-0.4694627231770668,13594.0
-1.3832356926438403,-0.2768983201087692,-0.017774506092267297,13596.0
0.056013590892448804,-1.046864964421121,-1.1032583087350645,13598.0
-2.6360550670182628,2.3350729423505183,1.5873514972192977,13599.0
1.37952056372284,-1.046864964421121,-0.9447672671729956,13600.0
0.025608287239488887,-0.2768983201087692,-0.0220678026875155,13601.0
0.28272579485732363,-1.046864964421121,-0.4074119736970569,13602.0
-0.35795550258615016,-1.046864964421121,-1.1770417982192172,13603.0
-0.28160206843873536,0.1735032936200612,-0.747981411367462,13606.0
-0.056747001836518776,-1.046864964421121,-0.039983158549545546,13607.0
-0.8985790007092727,1.1147046843093364,0.3711810960143243,13610.0
0.5024524754839983,0.1735032936200612,0.39899013865806393,13611.0
-0.41392230877470515,0.49306832420358254,0.6541088921601971,13614.0
1.3950346158238631,-1.046864964421121,-0.42864195141878,13615.0
-0.056747001836518776,0.1735032936200612,-0.21639746014789327,13617.0
0.9712173059356872,-1.046864964421121,-1.1159605832267487,13618.0
0.6937131703589926,-1.046864964421121,-0.9657626200283878,13621.0
-0.2349706720317201,0.7409422191338733,0.03860088071006163,13623.0
1.2329561906279893,-1.046864964421121,-0.8175786639549432,13626.0
0.215007253117324,0.7409422191338733,0.667943208284558,13627.0
-0.4436804936346096,1.6167819902090863,1.9190557908033155,13629.0
-1.5107170776402215,1.1147046843093364,0.8405604914717444,13630.0
0.5839342956069556,1.6167819902090863,1.1718374885728389,13631.0
-0.38537908826217976,0.7409422191338733,0.8751423841998853,13632.0
-0.19125570031580894,0.7409422191338733,0.6363272161349111,13634.0
0.3142745358967301,-1.046864964421121,0.326845913391073,13635.0
-0.11125863204513715,0.7409422191338733,0.22989365569586578,13636.0
0.1267011893484174,0.1735032936200612,0.10322124779592236,13637.0
-0.697428299279993,-1.046864964421121,-1.4118663435463539,13638.0
0.3733980598894307,-1.046864964421121,0.29810340542073094,13639.0
1.1224030561050051,-1.046864964421121,-0.5595677303555163,13642.0
-0.2349706720317201,0.1735032936200612,-0.2537281247906831,13643.0
-0.697428299279993,0.49306832420358254,1.045861881911478,13644.0
0.7114156806033363,-1.046864964421121,-0.833741105791416,13645.0
-1.0260603857056536,0.49306832420358254,0.6871275224065928,13647.0
1.2439244438642056,-0.2768983201087692,-0.5783281288336686,13649.0
-0.6550388479724051,0.9434699379324127,0.759416256553002,13650.0
-0.15011372802955736,-0.2768983201087692,-1.6235432051986636,13651.0
0.040976198299957974,0.1735032936200612,0.3446625860402019,13652.0
-0.006179541443206692,0.9434699379324127,1.070865150895682,13654.0
0.6755508035995611,-0.2768983201087692,0.21612419344568162,13655.0
0.9340822890622325,-0.2768983201087692,-0.5052546859307847,13656.0
-0.9594183827556639,-0.2768983201087692,-0.500009754594575,13657.0
-1.0260603857056536,0.7409422191338733,1.0504074077864518,13658.0
1.089258851039665,-0.2768983201087692,0.6353282611415507,13659.0
0.4784771504913606,0.1735032936200612,0.18525896722617874,13662.0
0.9910263306383557,-1.046864964421121,-1.0628779818948455,13663.0
0.22675898866876867,0.1735032936200612,-1.709306582166503,13666.0
0.8627632666270945,-1.046864964421121,-0.6808590236638379,13667.0
-1.867892384578408,2.3350729423505183,1.7565462906169342,13668.0
0.11312383446744997,-0.2768983201087692,-0.9483203318406197,13669.0
0.3827835941776752,-1.046864964421121,-0.5711841139816111,13670.0
1.354423808167457,-0.2768983201087692,-1.0760274597809651,13672.0
-0.5772685707748618,-0.2768983201087692,-0.4695637842382158,13673.0
0.8720862288265253,-0.2768983201087692,-0.30576367198265747,13675.0
0.8767015050288409,-1.046864964421121,-0.8983318434338485,13678.0
-2.6360550670182628,0.49306832420358254,1.326330713057085,13680.0
-0.6150730102039852,0.49306832420358254,0.12019537913187953,13681.0
1.0215978362901939,-1.046864964421121,-1.9921612960818218,13682.0
1.3186811816764483,-1.046864964421121,-1.8941640872848813,13684.0
-1.867892384578408,0.9434699379324127,0.5871114777905966,13685.0
1.0064791541776454,-1.046864964421121,-1.8391682600487076,13686.0
0.2608736474721113,-1.046864964421121,0.19612376038074833,13689.0
0.215007253117324,-1.046864964421121,-1.139325468532677,13690.0
-0.38537908826217976,0.1735032936200612,0.5908289013112876,13692.0
-1.666741683149128,3.2762743330397934,3.602393530496546,13694.0
-0.2349706720317201,1.9613104771750551,1.0082674033507126,13695.0
-0.07444951208086271,-1.046864964421121,-1.243371340186266,13697.0
0.8903673173463216,-1.046864964421121,-0.6715491518623135,13699.0
-0.35795550258615016,1.510908863446225,0.927784407059079,13700.0
1.3928392865291042,-1.046864964421121,-1.5796265914033445,13703.0
-1.5107170776402215,1.3938715516612432,0.9428515423763516,13704.0
-1.1820849912145606,0.1735032936200612,-0.0008950583412878965,13705.0
1.3590543668528285,-1.046864964421121,-0.6157862635104777,13706.0
1.2706151579238536,-0.2768983201087692,0.09916230839036638,13707.0
1.2810125510864407,-1.046864964421121,-0.7025610717274495,13708.0
-1.666741683149128,1.8023501878361203,1.7520528915113742,13709.0
-0.21277160734542533,-1.046864964421121,-1.1018790363379183,13710.0
1.132047509783725,-0.2768983201087692,-0.8338684167496794,13711.0
1.2161743017226836,-1.046864964421121,-0.9114072860490559,13712.0
1.306349084125488,0.7409422191338733,0.3330469482658373,13715.0
1.2758331806927994,-1.046864964421121,-1.3155667369301627,13716.0
-0.21277160734542533,0.9434699379324127,0.5671351949417863,13717.0
1.2133377387817708,-0.2768983201087692,-0.6768446264349317,13718.0
-0.7425543952003661,0.7409422191338733,0.3045528198198146,13719.0
0.6937131703589926,0.49306832420358254,0.09265909231702242,13720.0
-0.13041631826941766,-1.046864964421121,-0.24650127167893948,13721.0
0.7780576835533258,0.1735032936200612,0.9659282568883164,13722.0
1.125632677578944,-1.046864964421121,-1.0200854721693542,13723.0
0.09927760367238778,1.2630349685159339,0.8200753192220502,13725.0
-0.07444951208086271,-0.2768983201087692,0.3332847809404221,13726.0
-0.28160206843873536,-0.2768983201087692,-0.6092881963517941,13727.0
-0.11125863204513715,0.9434699379324127,0.2846364587794794,13728.0
0.7989312278312977,-0.2768983201087692,0.043755794973917655,13730.0
1.132047509783725,-0.2768983201087692,-0.12401454994222412,13731.0
-0.3061383335384639,-1.046864964421121,-0.2975000994568182,13732.0
-0.38537908826217976,0.49306832420358254,1.1219285448508614,13735.0
-1.5107170776402215,-0.2768983201087692,0.021379278663702785,13736.0
1.0685909875415227,-1.046864964421121,-0.5946976724803679,13737.0
-0.6150730102039852,-1.046864964421121,-0.9544005884502923,13739.0
1.1989797023232658,-1.046864964421121,-0.5687787175331295,13740.0
0.3542403736651499,0.1735032936200612,-0.051400369182690746,13741.0
-0.6550388479724051,1.7134365822447646,1.1875182837784486,13742.0
-1.867892384578408,1.1147046843093364,0.5075607498854908,13743.0
0.5480694186031799,-0.2768983201087692,0.3883483404284233,13744.0
0.9212523546757249,-1.046864964421121,-0.6940663493483195,13745.0
1.5062545282247615,-1.046864964421121,-1.758657710159725,13747.0
0.5553910750944296,0.7409422191338733,0.229157886783356,13748.0
0.1530896722358701,0.7409422191338733,0.6722359248933779,13750.0
1.323553757534285,-1.046864964421121,-0.7042654461282676,13751.0
0.7343427118374151,0.9434699379324127,0.4088436192699569,13752.0
1.323553757534285,-1.046864964421121,0.03157471824670584,13753.0
0.8767015050288409,-0.2768983201087692,-0.7421115619296863,13754.0
-1.666741683149128,1.3938715516612432,0.890160139809175,13755.0
-2.151398375083695,1.8846713286216876,1.5929132358697438,13756.0
-0.8985790007092727,1.1147046843093364,1.2026294488587006,13758.0
-0.19125570031580894,-0.2768983201087692,-0.06230074950892387,13759.0
0.1530896722358701,-0.2768983201087692,-0.7303032937620062,13760.0
0.09927760367238778,-0.2768983201087692,0.32656120307676717,13761.0
1.132047509783725,-1.046864964421121,-0.6763998196606448,13762.0
0.2608736474721113,-1.046864964421121,0.7045502749784973,13763.0
0.3444610281550118,0.1735032936200612,0.6086559839926686,13764.0
-2.151398375083695,2.964240362213888,2.555249312763021,13767.0
-2.151398375083695,1.510908863446225,1.0968675763532953,13769.0
0.2718850845891419,0.49306832420358254,1.0489712324558007,13771.0
-0.1703821560378375,0.1735032936200612,0.3713582846443562,13772.0
0.445175056341916,-1.046864964421121,-0.5820404022341146,13774.0
-2.6360550670182628,2.7677009439520956,2.7634411174689784,13777.0
0.6046021591050975,-1.046864964421121,-1.1098312051743953,13778.0
-1.275451717407599,-0.2768983201087692,-0.547871956155815,13780.0
1.2274068614518436,-1.046864964421121,-1.3785492680775315,13781.0
-0.8426121945207178,0.9434699379324127,0.1978851522128859,13782.0
-1.0260603857056536,1.6167819902090863,0.994911676863032,13784.0
1.4930436557705435,-1.046864964421121,-0.905956479849527,13786.0
0.3920448130942733,-0.2768983201087692,-0.6703540339885484,13787.0
-1.666741683149128,-1.046864964421121,-0.5732516377930855,13790.0
0.7565417765237095,-0.2768983201087692,0.6056133919482599,13791.0
0.2934009916187583,-0.2768983201087692,-1.0375365836566735,13792.0
-2.6360550670182628,3.444265786428331,3.1722084533738317,13798.0
0.6937131703589926,-0.2768983201087692,-0.027245610687835438,13799.0
1.3750240092808892,-1.046864964421121,-0.1958163495641313,13800.0
0.3039156530090395,-1.046864964421121,-0.6304478432994912,13801.0
0.8141873633650334,0.1735032936200612,1.4960651529768716,13802.0
1.2384618238454914,-1.046864964421121,-0.7579671158180322,13803.0
-0.2349706720317201,1.1147046843093364,1.0493792215887212,13804.0
0.1267011893484174,-0.2768983201087692,0.20889387560087455,13805.0
0.2718850845891419,-1.046864964421121,-0.8202342478855741,13806.0
1.4930436557705435,-1.046864964421121,-1.48039317161629,13807.0
-1.3832356926438403,0.7409422191338733,0.7197043701820405,13808.0
1.3636544611158317,-1.046864964421121,-1.2237282750557612,13809.0
-0.28160206843873536,0.1735032936200612,0.5965709985057047,13810.0
1.0102895821690931,0.1735032936200612,0.10717110762485284,13811.0
-0.022632343033176155,0.1735032936200612,-0.22407119198765243,13812.0
-0.056747001836518776,0.49306832420358254,0.5225264725536761,13813.0
0.5256328902345255,-0.2768983201087692,0.6383417257866112,13814.0
-0.4747616908210964,0.49306832420358254,1.3895025477047676,13815.0
-0.41392230877470515,-0.2768983201087692,-0.1768579770171641,13816.0
-0.28160206843873536,-0.2768983201087692,-0.49824808650879054,13817.0
1.3567429207610928,0.1735032936200612,0.37716255753252026,13819.0
0.843735920939306,-0.2768983201087692,-0.49269485383579803,13821.0
-1.3832356926438403,-0.2768983201087692,-0.09636385972028368,13822.0
-0.5772685707748618,-0.2768983201087692,0.2370804359720787,13823.0
-0.19125570031580894,0.7409422191338733,0.6970203771291669,13824.0
0.9792083849826057,-1.046864964421121,-1.0627509564850817,13826.0
0.2030546234958319,0.1735032936200612,-0.43954926869885913,13827.0
-0.4747616908210964,-1.046864964421121,-0.9822893419771734,13828.0
-0.697428299279993,0.9434699379324127,0.9054702918435719,13831.0
-0.5772685707748618,-1.046864964421121,-2.0971791936481345,13832.0
0.9081825945945365,-1.046864964421121,-0.49444435733813663,13833.0
-0.38537908826217976,0.49306832420358254,0.126701182404792,13835.0
1.1093332960238163,-0.2768983201087692,-0.7750292336094615,13837.0
-1.3832356926438403,0.49306832420358254,-0.023909872324681735,13838.0
1.2329561906279893,-1.046864964421121,-1.705996117345356,13841.0
0.215007253117324,1.3938715516612432,1.250241737818455,13842.0
-0.9594183827556639,-1.046864964421121,-0.5442919300164029,13844.0
0.28272579485732363,-1.046864964421121,-0.6601898653520694,13845.0
-0.38537908826217976,0.1735032936200612,0.1554899988580431,13846.0
1.347419958561662,-1.046864964421121,-1.3348269475011305,13848.0
0.1267011893484174,-0.2768983201087692,0.6171467098076127,13849.0
0.7619831409966483,-1.046864964421121,0.6466110936642301,13850.0
0.5553910750944296,0.1735032936200612,0.7269252235579406,13851.0
0.1908941116649935,-1.046864964421121,0.34103509204073723,13853.0
-1.0997297021385526,2.528749402688867,1.951064024906,13854.0
0.9508306779768274,0.1735032936200612,-0.48676665609507713,13856.0
0.1908941116649935,-1.046864964421121,-0.9571054145733082,13858.0
1.410211902072359,-1.046864964421121,-1.0148435349117875,13859.0
-2.6360550670182628,0.7409422191338733,0.44818571124348944,13860.0
-0.6150730102039852,1.2630349685159339,0.9077868540145516,13862.0
1.2189994037719827,-1.046864964421121,-0.6788624333094798,13863.0
0.2030546234958319,0.49306832420358254,-0.2818316212354109,13865.0
0.3733980598894307,-1.046864964421121,-1.273795741061022,13866.0
-0.2349706720317201,0.1735032936200612,0.2839650434233029,13867.0
-0.07444951208086271,-1.046864964421121,-0.27232237173426305,13868.0
0.7286810468472031,0.49306832420358254,1.180809964495189,13869.0
-2.151398375083695,1.2630349685159339,1.0894978453402158,13870.0
-0.4436804936346096,1.8023501878361203,1.7615310577174967,13871.0
0.7114156806033363,0.1735032936200612,-0.48449819288736656,13873.0
1.4756830225729232,-1.046864964421121,-0.2219157322576186,13874.0
0.1530896722358701,0.7409422191338733,0.7374699722734974,13875.0
0.2718850845891419,-1.046864964421121,-1.4114739181742393,13876.0
0.4784771504913606,-1.046864964421121,-1.4479946227856568,13877.0
0.1659196066223777,-1.046864964421121,0.47080816135236164,13878.0
-0.5072890349677437,1.8023501878361203,1.2099438317405304,13880.0
-1.666741683149128,2.2808755077585765,2.552409697623919,13881.0
-1.867892384578408,0.7409422191338733,0.41211711995850064,13882.0
-0.9594183827556639,0.7409422191338733,1.0610705535504579,13883.0
-1.275451717407599,0.7409422191338733,0.08022614054855451,13884.0
1.0290363299119667,-0.2768983201087692,-0.2734930092162251,13885.0
0.3444610281550118,-1.046864964421121,-0.8613908526044506,13886.0
1.082437218336585,-1.046864964421121,-0.57152833150164,13887.0
0.7114156806033363,-0.2768983201087692,-0.1305585926357093,13888.0
0.5331920104081352,-1.046864964421121,-0.430160848071185,13889.0
-2.6360550670182628,1.510908863446225,0.7798927946524307,13890.0
-0.33156701969869745,0.49306832420358254,-0.09513340461049818,13892.0
1.347419958561662,-1.046864964421121,0.11364616128018401,13893.0
-0.41392230877470515,0.1735032936200612,-0.18681385776019963,13894.0
-0.3061383335384639,0.49306832420358254,1.0362690591133945,13895.0
0.09927760367238778,-1.046864964421121,-0.6648689918143446,13897.0
1.410211902072359,-1.046864964421121,-1.2191875463724358,13898.0
-0.697428299279993,-0.2768983201087692,-0.4867253540098043,13899.0
1.0064791541776454,0.1735032936200612,0.031239115009124976,13900.0
0.3542403736651499,0.7409422191338733,1.1168963199768969,13901.0
-0.11125863204513715,-0.2768983201087692,-0.6113116871022993,13904.0
0.42790969009804847,0.49306832420358254,0.9639465498045761,13908.0
0.1908941116649935,1.3938715516612432,1.0324978222568335,13911.0
-0.8985790007092727,-0.2768983201087692,-0.10344061234008914,13914.0
0.09927760367238778,-0.2768983201087692,-0.772666358518319,13917.0
0.09927760367238778,-0.2768983201087692,0.4266087342877504,13918.0
0.215007253117324,-0.2768983201087692,-0.4944235074620347,13919.0
1.4638650769171733,-1.046864964421121,-1.139325468532677,13922.0
0.1530896722358701,-1.046864964421121,-0.5679099672636814,13923.0
-2.151398375083695,0.9434699379324127,0.7605121496050119,13924.0
0.5331920104081352,0.49306832420358254,-0.03969920815690602,13925.0
-0.4436804936346096,-1.046864964421121,-0.9290958027553557,13926.0
0.3827835941776752,-1.046864964421121,-0.572814716660214,13927.0
-0.9594183827556639,0.49306832420358254,-0.34329766861851335,13928.0
0.9508306779768274,-0.2768983201087692,0.13443152726393318,13929.0
0.2030546234958319,-0.2768983201087692,-0.6000548255581567,13930.0
0.5553910750944296,-0.2768983201087692,0.44277755338219293,13931.0
1.3403452424953657,-1.046864964421121,-0.6746230545009752,13932.0
0.6441907582315165,-0.2768983201087692,-0.12638323834468776,13933.0
1.2627143754878933,-1.046864964421121,0.20672158408784377,13934.0
0.9949216711086241,-1.046864964421121,-0.5117688852062336,13936.0
0.9508306779768274,-1.046864964421121,-1.204302082995459,13937.0
-0.15011372802955736,-1.046864964421121,-1.8429659372420568,13938.0
-0.4436804936346096,0.1735032936200612,-0.18124875223305076,13939.0
-0.6550388479724051,0.49306832420358254,0.13108256570992588,13940.0
-0.4747616908210964,0.7409422191338733,1.5809886770578838,13941.0
0.41911445707406475,0.1735032936200612,-0.1911595945142068,13946.0
0.28272579485732363,-1.046864964421121,-1.6548061339226687,13947.0
1.4815179254685393,-1.046864964421121,-1.5597170423105404,13948.0
-1.867892384578408,0.9434699379324127,0.9832724439955126,13949.0
-0.9594183827556639,0.49306832420358254,0.0356771975788951,13950.0
0.9792083849826057,0.1735032936200612,-0.044206933325364454,13951.0
1.1288474501660841,-0.2768983201087692,1.2177058570053727,13952.0
-1.275451717407599,0.9434699379324127,1.087973387780537,13953.0
-2.151398375083695,-0.2768983201087692,-0.38703929122228997,13954.0
0.8858416587895677,-0.2768983201087692,-0.6350058928856535,13955.0
-1.5107170776402215,0.7409422191338733,0.2927124556041041,13956.0
0.41911445707406475,0.1735032936200612,-0.14046242651424942,13959.0
-0.5072890349677437,-0.2768983201087692,-0.9065835323685842,13960.0
-0.4747616908210964,-0.2768983201087692,-1.1520012551575598,13962.0
1.3704983507241346,0.49306832420358254,-0.05608315872313288,13963.0
0.8485415192784374,-1.046864964421121,-1.7476463704704077,13967.0
-1.275451717407599,2.1638381959735944,2.0394479740187283,13969.0
-0.5772685707748618,1.2630349685159339,1.0858179802570793,13971.0
0.3444610281550118,-0.2768983201087692,-1.0595818398275956,13972.0
1.3211217140180125,-1.046864964421121,-0.794611245743859,13973.0
0.08515163220306504,-1.046864964421121,-0.4365562827362248,13974.0
-0.2349706720317201,0.9434699379324127,1.015332975485815,13975.0
1.0926448712451005,-1.046864964421121,-0.5524087911094271,13976.0
-0.7425543952003661,-0.2768983201087692,-1.0324651035750265,13978.0
0.36388482734386973,-1.046864964421121,0.15993875307787223,13979.0
0.22675898866876867,-1.046864964421121,-1.018922088077837,13980.0
-0.07444951208086271,0.49306832420358254,0.7747656536465725,13982.0
-0.2578977032657986,1.7134365822447646,1.0394681279104483,13983.0
-0.33156701969869745,0.7409422191338733,0.20533694053144966,13984.0
-1.666741683149128,1.9613104771750551,1.8398832371465181,13985.0
-0.6550388479724051,-1.046864964421121,-0.6412406827184397,13986.0
-0.5414036937710863,0.9434699379324127,1.4131752716261252,13988.0
0.2934009916187583,-0.2768983201087692,0.4610767676357718,13989.0
1.112623710594867,-1.046864964421121,-0.6645080885790681,13990.0
-0.8985790007092727,0.9434699379324127,0.14701472653530925,13991.0
-0.2578977032657986,-1.046864964421121,-1.7873881231185043,13992.0
-0.006179541443206692,1.3938715516612432,1.2691506672417108,13993.0
-1.666741683149128,0.9434699379324127,0.9446154803235487,13994.0
-0.7425543952003661,0.7409422191338733,0.5381224612163342,13995.0
-1.0260603857056536,1.7134365822447646,1.3640928518328335,13999.0
1.1060273238792346,-1.046864964421121,-0.09173095161372541,14000.0
0.040976198299957974,0.1735032936200612,0.8450102971422951,14001.0
0.7885723449436071,-0.2768983201087692,-0.23798983211536126,14002.0
-0.006179541443206692,1.1147046843093364,1.4931327308065627,14004.0
-1.0260603857056536,0.7409422191338733,1.1189978477419649,14005.0
0.6877113154303994,0.1735032936200612,0.24086665636698237,14006.0
1.0615636740586136,-0.2768983201087692,-0.019422169084626798,14009.0
1.298844055299601,-1.046864964421121,-0.6206274800916094,14012.0
0.6505762985569453,0.1735032936200612,-0.32883562450870174,14013.0
0.40118496685500016,-1.046864964421121,-0.2760617343591644,14014.0
0.14001991215468154,-1.046864964421121,0.20256920995949745,14015.0
0.9212523546757249,0.49306832420358254,1.4497097985808363,14016.0
0.056013590892448804,0.1735032936200612,0.5540364538517445,14019.0
-0.6550388479724051,-0.2768983201087692,-0.08276926478327981,14020.0
0.8903673173463216,0.1735032936200612,-0.09649081812822276,14021.0
1.1509462766175307,-1.046864964421121,-0.38689340274888273,14022.0
-1.275451717407599,-0.2768983201087692,-0.15964117891926563,14023.0
0.7229731636723576,-0.2768983201087692,-0.6233161193876704,14024.0
0.23831647173779008,-1.046864964421121,-1.5378365206858278,14027.0
0.2608736474721113,-0.2768983201087692,-0.33797889904363604,14029.0
-0.6150730102039852,1.2630349685159339,0.96073704662065,14030.0
-1.275451717407599,2.100345083207834,2.4147949083399953,14031.0
-2.151398375083695,1.6167819902090863,1.1466672873493498,14032.0
-0.4747616908210964,0.1735032936200612,-0.07158917133118585,14034.0
-0.28160206843873536,0.7409422191338733,0.5576459324277642,14035.0
1.3162321010430351,-1.046864964421121,-0.10318450710854976,14036.0
0.9792083849826057,-0.2768983201087692,-1.265412833538072,14037.0
0.41020717985370486,0.1735032936200612,0.6287634257309268,14038.0
-0.19125570031580894,-1.046864964421121,-1.2386129585839758,14039.0
-0.03948163559265158,1.7134365822447646,1.3028194977735956,14040.0
1.2679914707703699,-1.046864964421121,-1.297608664856188,14041.0
-0.33156701969869745,0.49306832420358254,-0.07035923232208378,14044.0
0.6441907582315165,0.49306832420358254,0.678296351216496,14045.0
1.3137744120241468,-1.046864964421121,-1.2240388080194982,14046.0
-1.0997297021385526,0.7409422191338733,0.48758520469501976,14047.0
1.3636544611158317,-1.046864964421121,-0.44368783344477625,14048.0
-0.6550388479724051,0.49306832420358254,1.665613119981583,14049.0
-0.21277160734542533,-0.2768983201087692,0.03707587537406074,14050.0
-2.6360550670182628,2.4361268552231152,2.4764976649394086,14051.0
-0.5414036937710863,-1.046864964421121,-0.9237018970738652,14052.0
0.7343427118374151,-0.2768983201087692,-0.8082139938094801,14053.0
0.28272579485732363,-1.046864964421121,-1.6385015915888475,14054.0
0.6246766040892487,-1.046864964421121,0.014487509824471195,14055.0
-2.6360550670182628,2.4361268552231152,1.961398198212634,14056.0
-0.41392230877470515,2.100345083207834,1.7379720837237422,14057.0
1.2706151579238536,-1.046864964421121,-1.0881277734845272,14059.0
-1.5107170776402215,2.2238975283871487,1.7279040622909343,14060.0
-1.0260603857056536,1.7134365822447646,2.1489890762630037,14062.0
-0.28160206843873536,0.7409422191338733,0.30533805091564487,14064.0
1.2706151579238536,-1.046864964421121,-1.2367700716043752,14066.0
0.2718850845891419,-0.2768983201087692,-0.5157843064184178,14067.0
1.3972230739671836,-1.046864964421121,-0.7911331111632233,14068.0
-1.666741683149128,1.2630349685159339,0.5636909356298985,14071.0
-0.21277160734542533,-1.046864964421121,-1.2447512542057058,14073.0
-1.5107170776402215,0.1735032936200612,0.2240736768193944,14075.0
0.7619831409966483,-1.046864964421121,-1.4129792589199401,14076.0
-0.03948163559265158,0.7409422191338733,-0.2852621669855139,14077.0
0.5977805264020173,0.9434699379324127,0.31045398893526616,14078.0
0.7399589011158623,-1.046864964421121,-0.514928276828228,14079.0
-0.19125570031580894,-1.046864964421121,-2.205631764454616,14080.0
1.3567429207610928,-0.2768983201087692,0.21745602007325973,14081.0
1.4892228167219115,-1.046864964421121,-1.094048934361702,14082.0
-1.666741683149128,1.3938715516612432,0.28644253972146094,14083.0
-2.151398375083695,2.1638381959735944,1.4693045777535778,14085.0
-1.867892384578408,-1.046864964421121,-1.0421862591198885,14087.0
-1.0260603857056536,1.8023501878361203,3.4183131494375605,14088.0
0.1908941116649935,-1.046864964421121,-1.193515774761777,14089.0
1.4080637842353654,-1.046864964421121,-1.7924183192652572,14090.0
-1.1820849912145606,1.8846713286216876,1.3993134590134744,14092.0
-0.8985790007092727,-1.046864964421121,-0.38171335661121486,14093.0
-1.666741683149128,2.100345083207834,3.509652933991609,14096.0
-0.11125863204513715,-1.046864964421121,-1.2645956747602929,14098.0
-0.697428299279993,1.6167819902090863,1.1806083885372487,14099.0
0.8091388807398133,-1.046864964421121,-1.0402078827167491,14100.0
0.3733980598894307,0.9434699379324127,1.5809620006142477,14101.0
-1.5107170776402215,0.7409422191338733,0.5186548457876075,14102.0
0.8903673173463216,-0.2768983201087692,-0.9569569685472048,14104.0
1.1931529035533128,-1.046864964421121,0.46117181685860353,14105.0
0.1267011893484174,1.1147046843093364,1.0696492003750184,14107.0
-0.2349706720317201,-0.2768983201087692,-0.1408514726139796,14108.0
0.36388482734386973,-1.046864964421121,-1.2819332591676136,14109.0
-1.666741683149128,1.7134365822447646,1.6658150243651773,14110.0
-0.7907950254730315,0.49306832420358254,-0.02261187366492617,14111.0
-0.4436804936346096,1.1147046843093364,1.130202958877604,14112.0
-1.666741683149128,0.49306832420358254,0.7611968683228036,14113.0
1.2887103734893812,-0.2768983201087692,-0.4908453661033156,14114.0
-0.5414036937710863,0.7409422191338733,0.5317939169359803,14116.0
0.8388970655997174,-1.046864964421121,-1.6601371412923274,14117.0
-1.666741683149128,0.49306832420358254,1.0921601388947892,14121.0
0.4620243489013911,-1.046864964421121,-0.4250197617120288,14124.0
-0.9594183827556639,0.1735032936200612,1.0806148127219468,14125.0
-1.1820849912145606,0.1735032936200612,-0.007379282178690586,14126.0
0.7286810468472031,0.1735032936200612,-0.003321918331879986,14127.0
0.23831647173779008,-0.2768983201087692,-0.08941190584221857,14128.0
-2.151398375083695,0.7409422191338733,0.3654760212768995,14129.0
1.3950346158238631,-1.046864964421121,-0.3106568515820809,14130.0
-2.151398375083695,1.6167819902090863,1.2963817455542597,14132.0
0.7673824867918912,0.1735032936200612,-0.1305453451573221,14133.0
-2.151398375083695,1.9613104771750551,1.4867468465484026,14135.0
-2.151398375083695,-0.2768983201087692,0.25752771239597944,14138.0
0.040976198299957974,-1.046864964421121,-0.4322419779485048,14139.0
-1.666741683149128,-0.2768983201087692,0.21791091210699648,14140.0
-1.867892384578408,0.49306832420358254,0.20063399242002503,14141.0
1.5043824740783878,-1.046864964421121,-0.6631947408344004,14142.0
0.7885723449436071,-1.046864964421121,-1.4579100567996677,14143.0
0.056013590892448804,0.49306832420358254,1.3305827181920349,14145.0
-1.0997297021385526,0.7409422191338733,1.4214573323257165,14146.0
0.41020717985370486,-0.2768983201087692,-0.31141996452002607,14147.0
1.17836986229356,-1.046864964421121,-1.2126794255798188,14148.0
1.1384040245251397,-1.046864964421121,-0.37491213655670796,14149.0
-0.13041631826941766,-0.2768983201087692,-0.06323816703693325,14150.0
0.3827835941776752,-0.2768983201087692,-0.11007654943038098,14152.0
1.1931529035533128,-0.2768983201087692,0.5099612256993935,14154.0
1.2679914707703699,-1.046864964421121,-1.437727152498891,14155.0
-1.0260603857056536,3.4045891737640805,3.9950811156208608,14156.0
-0.5414036937710863,-0.2768983201087692,-0.3999824870178308,14157.0
-0.056747001836518776,-1.046864964421121,-0.27213269947397195,14158.0
-0.5414036937710863,1.6167819902090863,1.5122269264380719,14159.0
1.1224030561050051,0.1735032936200612,0.3558957427579557,14161.0
0.9712173059356872,-0.2768983201087692,-0.7231455751985831,14162.0
0.48656061400111966,0.49306832420358254,0.9893936749810579,14163.0
0.3444610281550118,-0.2768983201087692,0.6646556764672584,14164.0
1.2937955726743802,-1.046864964421121,-1.4125208126725326,14165.0
-0.07444951208086271,0.49306832420358254,-0.17242131135407324,14167.0
0.5698083241376329,-1.046864964421121,-0.5394918146897458,14171.0
-0.9594183827556639,0.49306832420358254,-0.36736686749172415,14173.0
-0.19125570031580894,-1.046864964421121,-1.3380426378071006,14174.0
0.22675898866876867,0.1735032936200612,1.2105740185150657,14175.0
1.3450696645639013,0.49306832420358254,-0.16955127489363306,14176.0
0.4784771504913606,0.49306832420358254,-0.19425153129196743,14177.0
-1.0997297021385526,1.1147046843093364,0.659308050038248,14178.0
-0.03948163559265158,-0.2768983201087692,0.007982018284413453,14179.0
-0.9594183827556639,2.528749402688867,1.5216611906486193,14180.0
0.3039156530090395,-1.046864964421121,-0.363726962169367,14184.0
1.4208546007832665,-1.046864964421121,-1.0289665190571358,14185.0
-0.2349706720317201,0.9434699379324127,0.8494277484860338,14188.0
-2.151398375083695,1.9613104771750551,1.5055437231560618,14189.0
-2.151398375083695,1.8023501878361203,1.510815271134035,14191.0
0.3142745358967301,-0.2768983201087692,0.14459280159535096,14193.0
-1.5107170776402215,2.3350729423505183,2.2207511478791027,14194.0
1.0755483763475413,-0.2768983201087692,0.28136096186636583,14195.0
0.6312420213970147,-1.046864964421121,-0.6043951472221543,14196.0
-0.6150730102039852,0.49306832420358254,-0.012771647363732047,14198.0
1.1288474501660841,-1.046864964421121,-1.080300261082916,14199.0
0.22675898866876867,1.1147046843093364,0.03823600243371201,14201.0
-2.151398375083695,-1.046864964421121,-1.1933662892493189,14204.0
-0.6550388479724051,-0.2768983201087692,-0.3396275599067429,14205.0
1.1931529035533128,-1.046864964421121,-0.6221906830357911,14206.0
0.5480694186031799,-1.046864964421121,-1.2410414942432655,14208.0
-0.9594183827556639,0.9434699379324127,0.8568410278916415,14209.0
0.6246766040892487,0.9434699379324127,0.7892209220377144,14210.0
0.14001991215468154,1.3938715516612432,0.919231004617956,14211.0
0.5102649791740564,-1.046864964421121,0.3264337999559604,14212.0
-0.2349706720317201,0.7409422191338733,0.27529696681366445,14214.0
-0.8985790007092727,0.9434699379324127,0.7387845384521323,14215.0
-1.867892384578408,0.49306832420358254,0.7607084663118262,14216.0
-2.151398375083695,2.100345083207834,0.8299072339422281,14217.0
-0.006179541443206692,-1.046864964421121,-1.1523325648163425,14218.0
-1.666741683149128,-1.046864964421121,-1.6606721954350607,14219.0
1.2161743017226836,-0.2768983201087692,-0.09585622689266005,14220.0
-0.022632343033176155,1.3938715516612432,1.261345120272704,14221.0
0.9831699355571787,-1.046864964421121,-0.03390026238204828,14222.0
0.5256328902345255,0.1735032936200612,0.2646422347475086,14223.0
0.6505762985569453,0.49306832420358254,0.3110272093540978,14224.0
-0.28160206843873536,0.7409422191338733,0.9160348674838954,14226.0
-0.35795550258615016,1.510908863446225,1.241985786953082,14227.0
0.1267011893484174,0.1735032936200612,0.6219577715505277,14229.0
1.0102895821690931,0.1735032936200612,0.20985649080203408,14231.0
-0.006179541443206692,0.7409422191338733,0.8469674715970239,14232.0
0.08515163220306504,0.49306832420358254,0.5769085580628831,14233.0
-0.4747616908210964,0.49306832420358254,0.06776304423940584,14234.0
0.3827835941776752,0.7409422191338733,1.1910569234647985,14235.0
0.43659566274115785,-0.2768983201087692,-0.29913294285925135,14236.0
1.5043824740783878,-1.046864964421121,-1.193515774761777,14237.0
1.410211902072359,-1.046864964421121,-1.267322780231937,14238.0
-0.006179541443206692,1.6167819902090863,0.9677635594995683,14239.0
-0.2578977032657986,-0.2768983201087692,0.17860027754668822,14240.0
1.0102895821690931,-1.046864964421121,-0.9663255813359857,14241.0
1.1813515802704906,-0.2768983201087692,-0.747952812973002,14242.0
-1.0997297021385526,1.510908863446225,1.0349375052567549,14243.0
1.1352329904915128,-0.2768983201087692,0.6944235614188085,14245.0
0.6569040503947179,0.1735032936200612,0.5831046518070098,14246.0
1.298844055299601,-1.046864964421121,-1.324376086458259,14247.0
1.3928392865291042,-1.046864964421121,-0.6873029204621183,14248.0
-1.275451717407599,0.1735032936200612,0.7884670201916102,14250.0
-2.151398375083695,0.7409422191338733,1.120386527404141,14251.0
1.2520391787264589,-0.2768983201087692,0.24657479159071685,14256.0
0.2718850845891419,0.7409422191338733,1.1794574021763464,14257.0
-1.0997297021385526,1.3938715516612432,2.2764863369581283,14258.0
0.8291177200895793,-1.046864964421121,-1.4293258856057436,14259.0
0.11312383446744997,-0.2768983201087692,0.3932525537406087,14261.0
-1.1820849912145606,1.2630349685159339,1.0440162118245473,14262.0
0.8903673173463216,-0.2768983201087692,-0.6081101792338036,14264.0
0.6441907582315165,-0.2768983201087692,-0.23730856452193352,14265.0
0.9255552101377914,0.1735032936200612,0.6057403972500516,14267.0
1.4229638385998988,-1.046864964421121,-0.2962124986700282,14270.0
1.1540469992421807,-1.046864964421121,-1.48239075244584,14271.0
0.3733980598894307,-0.2768983201087692,-0.39062187057525705,14272.0
0.11312383446744997,0.49306832420358254,-0.19344877318378742,14273.0
0.5769069821240461,0.1735032936200612,0.3625293855275575,14276.0
-0.7425543952003661,0.1735032936200612,1.4262671060233074,14277.0
1.058023353553316,-1.046864964421121,-1.340552671407884,14280.0
-1.867892384578408,1.9613104771750551,1.3278208340766655,14282.0
-0.2349706720317201,-0.2768983201087692,-0.14442879311428392,14284.0
-0.5072890349677437,0.49306832420358254,0.7909744759157468,14285.0
-0.41392230877470515,0.1735032936200612,1.5011651757995725,14286.0
-1.1820849912145606,0.1735032936200612,-1.1191791806255713,14287.0
1.112623710594867,-1.046864964421121,-0.41170729605863554,14288.0
-1.0997297021385526,0.9434699379324127,0.19723388784137852,14289.0
-0.9594183827556639,0.7409422191338733,0.9451390536341381,14290.0
-2.151398375083695,1.6167819902090863,1.360267327124892,14291.0
-1.1820849912145606,1.3938715516612432,1.5422462901035372,14292.0
-1.867892384578408,0.49306832420358254,0.3083026740270508,14293.0
-0.056747001836518776,-1.046864964421121,-1.1680122153907067,14295.0
-0.6150730102039852,0.49306832420358254,0.48557170004142136,14297.0
-1.1820849912145606,3.13117789990724,3.4286932124766163,14298.0
-1.1820849912145606,1.3938715516612432,1.3771077136395362,14299.0
-0.5772685707748618,-1.046864964421121,-2.249010634491672,14300.0
0.6937131703589926,-1.046864964421121,-0.08609624404424766,14301.0
1.1447032725898107,-1.046864964421121,-0.4972640763155664,14304.0
0.3444610281550118,0.1735032936200612,0.769238767097141,14305.0
0.11312383446744997,-0.2768983201087692,0.8645007818262596,14306.0
0.5024524754839983,0.9434699379324127,1.1520766983839525,14307.0
-1.1820849912145606,1.3938715516612432,0.9581628961683484,14309.0
1.2047583451810127,-1.046864964421121,-0.6671929685014013,14311.0
0.056013590892448804,0.9434699379324127,0.6546716484612551,14312.0
0.6312420213970147,-1.046864964421121,-1.4293258856057436,14314.0
0.025608287239488887,0.9434699379324127,1.000864240808777,14315.0
0.28272579485732363,-1.046864964421121,-0.27068003324088136,14317.0
1.0926448712451005,-0.2768983201087692,-0.32078550250304505,14320.0
-0.9594183827556639,0.7409422191338733,0.6133818133154907,14321.0
0.6816574957434322,-0.2768983201087692,-0.131314060705069,14323.0
1.2018749934415025,-1.046864964421121,-1.0870360415739413,14326.0
0.9255552101377914,-1.046864964421121,-0.6636065401093668,14327.0
-0.6550388479724051,1.1147046843093364,1.5654422643725046,14329.0
0.7343427118374151,-0.2768983201087692,-0.3466030432351267,14331.0
-0.4436804936346096,0.1735032936200612,0.1566484944376903,14332.0
0.3142745358967301,-1.046864964421121,-0.4334391442256494,14333.0
-0.6550388479724051,1.2630349685159339,1.0235260304769578,14334.0
-0.697428299279993,-0.2768983201087692,-0.3369502037271051,14335.0
-0.6550388479724051,0.49306832420358254,0.6563227764837657,14336.0
0.9169228559760545,-0.2768983201087692,-0.1539606466500983,14338.0
1.2047583451810127,-1.046864964421121,-0.6691088495834734,14339.0
1.132047509783725,-1.046864964421121,-1.3366118507006832,14340.0
0.025608287239488887,1.2630349685159339,0.8978921772126984,14341.0
-0.5072890349677437,0.49306832420358254,-0.051244345912843,14342.0
0.7510577342465041,1.2630349685159339,0.1782307284273903,14344.0
-0.07444951208086271,-1.046864964421121,-1.506610645014845,14345.0
0.7172183015069349,-0.2768983201087692,0.2889202628983691,14346.0
1.2520391787264589,-1.046864964421121,-0.44439273383575906,14348.0
-1.0260603857056536,-1.046864964421121,-1.343791439168053,14349.0
1.2887103734893812,-1.046864964421121,-0.741175224204163,14350.0
0.9340822890622325,-1.046864964421121,-2.1158384917883204,14351.0
0.8993316940568102,0.49306832420358254,0.3327644303647837,14352.0
1.1191584479348347,-1.046864964421121,-1.6548061339226687,14353.0
-1.3832356926438403,-0.2768983201087692,-1.180564586128228,14354.0
1.4911358461122124,-1.046864964421121,-1.129373087270866,14355.0
0.42790969009804847,-0.2768983201087692,-0.012966129618364623,14356.0
-0.006179541443206692,-1.046864964421121,-0.9222435649298816,14357.0
-0.5772685707748618,0.1735032936200612,0.19804348796788984,14359.0
-0.21277160734542533,0.49306832420358254,0.8777705089429971,14360.0
-0.4747616908210964,-1.046864964421121,-1.1925197303665698,14362.0
0.6441907582315165,1.2630349685159339,1.3252372032114381,14364.0
-1.1820849912145606,2.033001612828286,2.0576349483476872,14367.0
1.3972230739671836,-1.046864964421121,-1.2239870441782408,14368.0
1.3403452424953657,-1.046864964421121,-1.5716033879699345,14371.0
1.4756830225729232,-1.046864964421121,-1.7900040812798184,14373.0
1.0140793573329043,-1.046864964421121,-0.8161763169906207,14375.0
1.0363965221471698,-0.2768983201087692,-0.11557071613832898,14377.0
0.009895001113470848,-0.2768983201087692,-0.5748634034667295,14379.0
0.1267011893484174,-1.046864964421121,-1.0088039027902775,14381.0
-0.35795550258615016,-1.046864964421121,-0.10392743761892868,14382.0
-0.09261187884029425,0.1735032936200612,0.449337577984401,14383.0
-1.0997297021385526,0.1735032936200612,-1.0110634402636476,14385.0
1.3450696645639013,-1.046864964421121,-1.2920113022378497,14386.0
-0.19125570031580894,0.1735032936200612,0.730148994012484,14387.0
-1.0260603857056536,1.2630349685159339,1.2082151288357745,14388.0
0.28272579485732363,-0.2768983201087692,0.30592262583465213,14389.0
-1.0260603857056536,1.3938715516612432,1.5053264832127147,14390.0
1.1288474501660841,-1.046864964421121,-1.8856173896092525,14393.0
-2.151398375083695,1.3938715516612432,1.2786647841040515,14395.0
0.28272579485732363,-0.2768983201087692,-0.3038377429712838,14396.0
-1.867892384578408,2.2238975283871487,1.0423996792939658,14397.0
0.8627632666270945,-1.046864964421121,-0.17261673545863038,14400.0
-1.666741683149128,1.8023501878361203,1.3942933005635374,14401.0
0.7673824867918912,0.49306832420358254,0.5840565914280629,14403.0
-0.1703821560378375,0.9434699379324127,0.583246154294095,14404.0
0.705564501638259,-1.046864964421121,-1.2149794185279585,14406.0
0.6312420213970147,0.9434699379324127,0.8888152348203847,14407.0
-0.9594183827556639,1.1147046843093364,1.040422904005133,14408.0
0.3444610281550118,0.9434699379324127,0.8514131482004491,14409.0
0.5256328902345255,1.3938715516612432,0.3519486061021911,14410.0
1.3772759011016957,-1.046864964421121,0.3208079391592463,14411.0
-0.006179541443206692,-0.2768983201087692,0.06212524511354808,14412.0
1.483452122569123,-1.046864964421121,-1.4114739181742393,14413.0
0.5256328902345255,1.1147046843093364,0.5954837472307986,14414.0
-2.6360550670182628,1.8023501878361203,1.695897093729851,14415.0
-0.4747616908210964,-0.2768983201087692,-0.300179709307462,14416.0
-1.666741683149128,0.1735032936200612,0.8023360107454205,14418.0
-0.9594183827556639,0.9434699379324127,0.31707071660693664,14419.0
0.5769069821240461,-1.046864964421121,-0.48879306727553123,14420.0
0.1908941116649935,-0.2768983201087692,0.1058007348024183,14421.0
-2.6360550670182628,0.9434699379324127,1.4352441992214797,14422.0
1.1288474501660841,-1.046864964421121,-0.7930971602647079,14423.0
-0.6150730102039852,-1.046864964421121,-0.6371950174560453,14424.0
-0.41392230877470515,1.510908863446225,1.475257578503194,14426.0
0.09927760367238778,-0.2768983201087692,-0.5404848728550681,14427.0
-1.275451717407599,0.7409422191338733,0.44749637465051095,14428.0
1.3590543668528285,-1.046864964421121,-0.33336012149662614,14431.0
-1.0260603857056536,0.9434699379324127,0.9243732692924489,14432.0
-0.4747616908210964,0.9434699379324127,0.5260055543317661,14434.0
0.5769069821240461,-1.046864964421121,-1.6685609295866828,14436.0
1.4911358461122124,-1.046864964421121,-1.946302320028793,14437.0
1.3659432088418726,-1.046864964421121,-1.3534652703950498,14438.0
1.3972230739671836,-1.046864964421121,1.0570888398829965,14439.0
-1.1820849912145606,0.7409422191338733,0.9599173474482582,14440.0
-2.6360550670182628,0.49306832420358254,0.7035812772262754,14441.0
1.08585635378539,-0.2768983201087692,0.6437598080210126,14442.0
0.1530896722358701,0.49306832420358254,0.5532402976346759,14443.0
-2.6360550670182628,0.49306832420358254,0.30293374363318215,14446.0
-0.5772685707748618,0.7409422191338733,0.3931008276715912,14447.0
-1.0997297021385526,-0.2768983201087692,-0.5143937217699476,14448.0
-0.5772685707748618,0.49306832420358254,0.19356285390166214,14449.0
0.9987954306345556,0.1735032936200612,-0.3116689627087399,14450.0
0.22675898866876867,-0.2768983201087692,-0.05844089723800874,14451.0
-0.9594183827556639,-0.2768983201087692,-0.7953997008509555,14452.0
1.0327261105377474,-1.046864964421121,-1.4297940384636938,14453.0
-1.5107170776402215,1.3938715516612432,1.1697390871198476,14456.0
1.3772759011016957,-1.046864964421121,-1.4730168271940378,14457.0
0.8903673173463216,-1.046864964421121,0.7601062761251942,14459.0
0.6505762985569453,0.1735032936200612,-0.39728102938001664,14460.0
0.8580547518239977,0.1735032936200612,0.8682252057607338,14461.0
0.2934009916187583,1.6167819902090863,0.8295229879328868,14462.0
0.5698083241376329,0.1735032936200612,-0.23815645221753654,14463.0
1.2161743017226836,0.1735032936200612,0.3174952452636698,14465.0
-0.28160206843873536,1.1147046843093364,0.9303588743613701,14466.0
-0.6150730102039852,0.49306832420358254,-0.1397116985352597,14467.0
-0.8985790007092727,-0.2768983201087692,-0.3491562760576939,14470.0
0.6113578812829846,1.2630349685159339,0.8021661909422052,14472.0
0.3733980598894307,-0.2768983201087692,-0.8923523504562908,14473.0
0.040976198299957974,-1.046864964421121,-0.21128304598092995,14474.0
0.3542403736651499,0.1735032936200612,0.20997781974869004,14475.0
1.2439244438642056,-1.046864964421121,-0.9588517158574866,14476.0
-0.5414036937710863,0.49306832420358254,0.48819194789634834,14477.0
1.2357144261810717,-0.2768983201087692,-0.6518508183328149,14479.0
-0.9594183827556639,-1.046864964421121,-0.7522540044249922,14480.0
0.9340822890622325,-0.2768983201087692,-0.09065882020018495,14481.0
-0.6150730102039852,0.9434699379324127,0.8547953262968087,14482.0
1.3088329652668718,-1.046864964421121,-1.3224425878271977,14483.0
0.09927760367238778,-1.046864964421121,-0.6375936826355735,14484.0
-0.07444951208086271,-1.046864964421121,-1.170187490986108,14485.0
-0.33156701969869745,0.9434699379324127,0.41561207913282167,14487.0
0.3142745358967301,-1.046864964421121,0.3217734553162859,14488.0
1.0926448712451005,-1.046864964421121,-0.34535543848878,14489.0
0.9752242613484846,-0.2768983201087692,-0.5915616504893392,14491.0
-1.275451717407599,0.7409422191338733,0.9685685526049861,14493.0
-0.35795550258615016,-1.046864964421121,-1.3081742178768128,14494.0
0.11312383446744997,-0.2768983201087692,-1.404313261936246,14495.0
1.37952056372284,-0.2768983201087692,-0.22435406113242753,14496.0
1.372764841544953,-1.046864964421121,-0.3248595367105238,14497.0
-0.006179541443206692,0.7409422191338733,0.8106052562062516,14498.0
-0.35795550258615016,0.1735032936200612,0.10797843267239471,14499.0
0.4945516930480387,0.1735032936200612,-0.5549453807543129,14500.0
1.0102895821690931,-0.2768983201087692,-0.836578561432066,14501.0
-0.5414036937710863,1.6167819902090863,0.9974746801086105,14502.0
-1.867892384578408,0.9434699379324127,1.2867551581099856,14503.0
0.056013590892448804,0.49306832420358254,-0.045623786357997256,14504.0
-0.6550388479724051,1.2630349685159339,1.6966256098469452,14505.0
-0.6550388479724051,0.7409422191338733,0.8327792408903627,14506.0
-0.41392230877470515,0.9434699379324127,0.5320491795698868,14507.0
-0.4747616908210964,-0.2768983201087692,-0.7598515369168146,14508.0
-0.9594183827556639,0.7409422191338733,0.49137747122980757,14511.0
1.0253269747615839,-0.2768983201087692,-0.7631672478868342,14512.0
0.5908916844129738,0.1735032936200612,-0.3589580002710066,14513.0
0.23831647173779008,0.1735032936200612,0.31501312134339904,14514.0
-0.6150730102039852,0.9434699379324127,0.8678550671157967,14515.0
-0.19125570031580894,-0.2768983201087692,-0.6166113396326733,14517.0
0.2718850845891419,-1.046864964421121,-1.1295111118129892,14518.0
-2.151398375083695,-0.2768983201087692,-0.776924556876332,14520.0
-0.41392230877470515,0.49306832420358254,0.2510990666397928,14522.0
0.6377463641704376,-1.046864964421121,-0.8695688445219776,14523.0
-0.21277160734542533,1.3938715516612432,0.7729934565010395,14524.0
-0.5414036937710863,1.3938715516612432,1.4480428997134973,14525.0
-1.867892384578408,3.4045891737640805,1.9896269038092558,14527.0
-0.11125863204513715,-1.046864964421121,-0.53854403948678,14528.0
0.22675898866876867,0.1735032936200612,-0.11169238472091704,14529.0
-0.35795550258615016,0.9434699379324127,1.1331588965730195,14530.0
1.1843206369864592,0.49306832420358254,0.21602099202324201,14532.0
-0.38537908826217976,1.1147046843093364,0.7721510421265995,14533.0
-1.867892384578408,2.1638381959735944,1.469035804718727,14534.0
0.22675898866876867,0.1735032936200612,1.1160536049180791,14535.0
1.2520391787264589,-1.046864964421121,-1.1414242411044764,14536.0
0.2030546234958319,-1.046864964421121,-0.5578509709315754,14537.0
0.28272579485732363,-0.2768983201087692,-0.4872831116373994,14538.0
-0.697428299279993,-0.2768983201087692,-0.22633694252563966,14539.0
-1.0260603857056536,0.1735032936200612,0.26878422821962117,14540.0
0.215007253117324,1.2630349685159339,0.5763214397080824,14541.0
1.0178487023427027,-1.046864964421121,-1.54994452615081,14542.0
-0.28160206843873536,2.033001612828286,1.3062324019804354,14543.0
-0.41392230877470515,-0.2768983201087692,0.8376607715300294,14544.0
-1.5107170776402215,0.7409422191338733,1.0316207046995902,14546.0
-1.666741683149128,1.2630349685159339,1.3855443431369732,14547.0
0.8720862288265253,-0.2768983201087692,-0.07038381263357912,14548.0
1.3772759011016957,-1.046864964421121,-0.7234783703601996,14549.0
-0.9594183827556639,-0.2768983201087692,0.05751714697248822,14550.0
-0.6150730102039852,-0.2768983201087692,-1.0767164737526065,14551.0
0.8767015050288409,-1.046864964421121,-1.1734858046027217,14552.0
-0.5772685707748618,0.7409422191338733,0.1501019193897424,14553.0
-1.0260603857056536,0.49306832420358254,0.9678275843279315,14554.0
0.1908941116649935,-0.2768983201087692,-0.6320798191258874,14555.0
0.47029914140563667,-1.046864964421121,0.08102031903278281,14557.0
-1.275451717407599,2.386748634521438,0.9180379782648463,14560.0
0.3920448130942733,0.1735032936200612,0.3341017934651046,14561.0
-1.666741683149128,2.1638381959735944,1.574973499565983,14562.0
0.5553910750944296,0.49306832420358254,1.1793020866025032,14565.0
0.6569040503947179,-1.046864964421121,0.5598789310902189,14566.0
0.1908941116649935,-0.2768983201087692,0.613177376148556,14567.0
-2.6360550670182628,-1.046864964421121,-0.9165071642690356,14569.0
1.306349084125488,-0.2768983201087692,-0.9501211786243724,14570.0
-1.867892384578408,1.1147046843093364,1.107223464635634,14572.0
0.9949216711086241,1.3938715516612432,0.6752306156037224,14573.0
1.5025053942772697,-1.046864964421121,-2.4087742900914697,14576.0
-0.8426121945207178,0.49306832420358254,0.15051264902815456,14577.0
-1.867892384578408,-1.046864964421121,-1.1563665658538573,14578.0
-0.6550388479724051,-1.046864964421121,-1.3137122116148963,14581.0
-0.03948163559265158,-1.046864964421121,-1.4697054071788243,14582.0
-1.3832356926438403,0.7409422191338733,0.3128816354458606,14583.0
0.9508306779768274,0.49306832420358254,0.30499941802633324,14584.0
0.09927760367238778,-1.046864964421121,-1.2134453575303932,14585.0
1.2963243703891492,-1.046864964421121,-0.8820787852570352,14586.0
-0.5772685707748618,1.3938715516612432,0.6494522821982949,14587.0
1.5025053942772697,-1.046864964421121,-2.315787725021474,14589.0
-0.7425543952003661,0.49306832420358254,0.5683169651812331,14591.0
-0.15011372802955736,0.1735032936200612,-0.1785579584352643,14592.0
-0.4747616908210964,0.1735032936200612,-0.11434941968884692,14593.0
-1.275451717407599,-0.2768983201087692,-0.5048743824046436,14594.0
-0.5414036937710863,0.9434699379324127,0.7164567096551406,14595.0
-0.9594183827556639,-0.2768983201087692,0.17209483708637016,14597.0
0.009895001113470848,-1.046864964421121,-0.9358624736836587,14598.0
1.3659432088418726,-1.046864964421121,-0.47685344154707315,14600.0
-0.9594183827556639,-1.046864964421121,-0.9653500326449832,14601.0
1.2912575960004193,-1.046864964421121,-0.061583208957685986,14603.0
-2.6360550670182628,3.988069201993278,2.275870812502945,14606.0
-0.697428299279993,1.7134365822447646,2.240082350595489,14607.0
-1.666741683149128,0.49306832420358254,0.7367332328599461,14608.0
1.2047583451810127,0.1735032936200612,-0.45125864875552557,14616.0
-1.0997297021385526,0.1735032936200612,-0.20285980461447498,14618.0
1.2133377387817708,-1.046864964421121,-0.47459245484036083,14619.0
1.089258851039665,-0.2768983201087692,-0.43812912364413553,14620.0
-2.6360550670182628,0.7409422191338733,0.7381746322306586,14621.0
1.0140793573329043,-1.046864964421121,-0.6409403032101413,14622.0
-0.21277160734542533,0.7409422191338733,0.17761744217920356,14623.0
0.1908941116649935,-0.2768983201087692,-0.9219593211264415,14624.0
1.0544650160721998,-0.2768983201087692,0.1869284180192404,14625.0
-0.41392230877470515,0.49306832420358254,1.095362819617497,14626.0
0.5179911550899461,-0.2768983201087692,-0.0471744740955715,14628.0
-1.666741683149128,-0.2768983201087692,0.2382106499540998,14629.0
0.11312383446744997,0.1735032936200612,0.2773712018296238,14631.0
1.2600608170621215,-1.046864964421121,-1.4665476548558833,14632.0
1.2679914707703699,-1.046864964421121,-0.5822729906274797,14633.0
-0.13041631826941766,-0.2768983201087692,-0.12498749769738797,14636.0
0.11312383446744997,-1.046864964421121,-0.3803557269952143,14638.0
0.1267011893484174,0.9434699379324127,1.1490634286284613,14639.0
-0.41392230877470515,0.9434699379324127,0.8765821222594316,14640.0
-0.4747616908210964,-1.046864964421121,-1.4957881676397438,14641.0
0.215007253117324,-1.046864964421121,-1.6073547385762008,14642.0
0.9549558333402042,-0.2768983201087692,-0.021500972313396413,14643.0
0.3142745358967301,-0.2768983201087692,0.12303005371844061,14644.0
0.8993316940568102,-0.2768983201087692,-0.1419525559650092,14645.0
-2.151398375083695,3.6564951132642975,4.745239867800625,14646.0
1.0720783354488947,-1.046864964421121,-0.8625116327837512,14647.0
-1.5107170776402215,0.49306832420358254,0.5515946646553506,14649.0
0.3039156530090395,-0.2768983201087692,-0.06817459510931756,14651.0
0.40118496685500016,-1.046864964421121,-1.4692133842450936,14652.0
-2.6360550670182628,1.1147046843093364,0.8065904640167875,14653.0
-1.1820849912145606,0.49306832420358254,0.8002542753085128,14655.0
0.9508306779768274,-0.2768983201087692,-0.7184733127884323,14656.0
-0.6150730102039852,0.49306832420358254,0.13971744899173746,14657.0
-1.5107170776402215,-0.2768983201087692,-0.8496513020808731,14658.0
-1.0997297021385526,1.3938715516612432,1.0164913313918431,14659.0
0.48656061400111966,-0.2768983201087692,-0.7332461274463326,14660.0
-0.33156701969869745,-1.046864964421121,-1.514229593773895,14661.0
-0.28160206843873536,0.49306832420358254,0.06331216145941383,14662.0
-0.5414036937710863,-0.2768983201087692,-0.08892122873780739,14664.0
0.23831647173779008,0.7409422191338733,0.7591365859906624,14665.0
-0.41392230877470515,-1.046864964421121,-1.0387683858289771,14666.0
-0.9594183827556639,2.528749402688867,2.055872718786794,14667.0
1.2018749934415025,0.1735032936200612,0.4635507126653797,14669.0
1.303856347774145,-0.2768983201087692,-0.44056241413034725,14670.0
1.1813515802704906,-0.2768983201087692,0.05744378874832047,14672.0
-1.867892384578408,0.7409422191338733,0.7145184185998813,14673.0
-0.697428299279993,-1.046864964421121,-0.13172522814326923,14675.0
-0.2349706720317201,0.9434699379324127,1.0222770481861,14676.0
-0.38537908826217976,2.033001612828286,2.966586144882816,14680.0
0.3444610281550118,0.1735032936200612,-0.2860175731911987,14681.0
1.0253269747615839,-0.2768983201087692,-2.1002590963066687,14682.0
-0.35795550258615016,0.7409422191338733,0.4419667456346529,14684.0
0.6312420213970147,-1.046864964421121,-0.10097260220388819,14687.0
-1.1820849912145606,2.3350729423505183,1.6584002846806976,14688.0
1.099368113487737,-1.046864964421121,-1.4789693670593185,14689.0
0.009895001113470848,-0.2768983201087692,-0.5222338078470171,14690.0
-0.2349706720317201,0.7409422191338733,0.8725132115847176,14691.0
0.8040536815548137,0.49306832420358254,-0.14943143913683518,14692.0
1.265357901532723,-1.046864964421121,-1.1363035679459046,14693.0
-1.666741683149128,1.1147046843093364,0.8589741534712345,14696.0
1.1288474501660841,-0.2768983201087692,-1.0665279551030915,14697.0
-2.151398375083695,0.7409422191338733,0.4513092837760197,14698.0
1.1158987133315823,-1.046864964421121,-1.5055071003120122,14699.0
-0.21277160734542533,0.1735032936200612,0.9171519134659795,14700.0
-0.9594183827556639,1.3938715516612432,1.022632749955201,14701.0
-2.6360550670182628,2.100345083207834,1.2277775640917563,14702.0
-0.7425543952003661,-1.046864964421121,-0.646994581376203,14703.0
-0.9594183827556639,1.3938715516612432,0.6218073755004222,14704.0
1.0650861591204936,-1.046864964421121,-1.1084854173431227,14705.0
-1.867892384578408,0.1735032936200612,0.3672658899703283,14708.0
-0.7425543952003661,1.8023501878361203,1.5502932776897567,14709.0
-0.7907950254730315,0.49306832420358254,-0.12989648652325508,14710.0
-1.0260603857056536,1.6167819902090863,1.1173439147763962,14711.0
-0.28160206843873536,0.1735032936200612,0.2023330308184837,14712.0
-1.0997297021385526,1.6167819902090863,1.0586309403372323,14713.0
-0.41392230877470515,-1.046864964421121,-1.1975624476974902,14714.0
-0.38537908826217976,0.49306832420358254,0.15763883956548755,14715.0
-0.006179541443206692,-0.2768983201087692,-0.6184830370143879,14716.0
-2.151398375083695,0.7409422191338733,0.6499482070163777,14719.0
-1.3832356926438403,0.1735032936200612,-0.05696498810362033,14720.0
0.8533143146429201,-1.046864964421121,-1.0694684753443415,14722.0
-1.0260603857056536,0.9434699379324127,0.3896932367497946,14723.0
-0.38537908826217976,-1.046864964421121,0.006084846302537021,14725.0
1.2887103734893812,-1.046864964421121,-0.7829362085334625,14727.0
1.5062545282247615,-1.046864964421121,-0.6588835616005333,14729.0
-2.6360550670182628,1.2630349685159339,0.829939246137913,14730.0
0.056013590892448804,0.1735032936200612,-0.5044731463763149,14731.0
-1.1820849912145606,1.2630349685159339,1.0694295396785318,14732.0
-0.697428299279993,1.7134365822447646,2.0852555025709716,14733.0
-1.666741683149128,2.8029682571406376,1.7180798596990003,14735.0
-1.666741683149128,0.1735032936200612,0.39401075398863517,14737.0
-0.006179541443206692,1.1147046843093364,0.4911577646063237,14738.0
-1.666741683149128,1.1147046843093364,1.3641894902415106,14739.0
1.058023353553316,0.1735032936200612,0.5689099682049686,14740.0
-0.8985790007092727,0.9434699379324127,0.5419416012367264,14741.0
-0.697428299279993,1.1147046843093364,0.3482445778316214,14744.0
0.6693903073076132,0.7409422191338733,0.431502232945636,14745.0
1.2218131371706191,-1.046864964421121,-0.6220928935716817,14747.0
-0.28160206843873536,0.7409422191338733,0.5507224121252563,14748.0
0.009895001113470848,-1.046864964421121,-0.4844158240502432,14752.0
0.48656061400111966,-1.046864964421121,-0.18890542207589625,14753.0
0.025608287239488887,-0.2768983201087692,-0.08872001208837292,14754.0
-1.0260603857056536,1.6167819902090863,1.5647123877167488,14755.0
-0.7425543952003661,-1.046864964421121,0.029081409283347147,14756.0
0.3827835941776752,-1.046864964421121,-0.423262479406072,14757.0
0.843735920939306,0.49306832420358254,0.5885291559757513,14758.0
-1.5107170776402215,0.1735032936200612,0.6617988345283587,14759.0
1.3450696645639013,-1.046864964421121,-1.6673007036794116,14760.0
0.215007253117324,-0.2768983201087692,-0.821737764197759,14761.0
1.2627143754878933,-1.046864964421121,-0.692783844228083,14762.0
0.056013590892448804,-1.046864964421121,-0.7544132781530791,14764.0
-0.28160206843873536,0.1735032936200612,-0.8273696041362351,14765.0
-1.1820849912145606,0.9434699379324127,0.9983509865665048,14766.0
-0.6550388479724051,-0.2768983201087692,-1.04973223410998,14768.0
-1.867892384578408,1.2630349685159339,2.17157388372757,14769.0
1.172368007364967,-0.2768983201087692,0.16595743164746302,14770.0
0.6631750503306709,-1.046864964421121,-1.3099007381412964,14772.0
0.2030546234958319,0.1735032936200612,0.28128167794344966,14775.0
0.11312383446744997,1.6167819902090863,1.0191413182379694,14776.0
0.7510577342465041,-0.2768983201087692,0.02023841297940436,14778.0
1.306349084125488,0.1735032936200612,-0.4916345135235964,14779.0
0.1659196066223777,-0.2768983201087692,-0.3730101956532113,14780.0
1.3972230739671836,-1.046864964421121,-1.0190824545899224,14782.0
-0.35795550258615016,-0.2768983201087692,-0.7214006617496191,14784.0
-1.0260603857056536,-0.2768983201087692,-1.7811444055588668,14785.0
-1.275451717407599,-0.2768983201087692,-0.03829277002055665,14788.0
-0.28160206843873536,-1.046864964421121,-1.0290071127305127,14789.0
-0.6550388479724051,0.49306832420358254,0.035677197578894385,14790.0
0.2718850845891419,-1.046864964421121,-3.806535079602124,14792.0
-0.5072890349677437,-1.046864964421121,-0.9108815579276995,14793.0
-1.867892384578408,1.1147046843093364,0.4944835354512212,14794.0
0.9383071466653319,-1.046864964421121,-1.3562071841765289,14795.0
-2.6360550670182628,2.100345083207834,1.9424071947877268,14796.0
0.14001991215468154,0.1735032936200612,-1.1324151258081865,14798.0
0.11312383446744997,-1.046864964421121,-1.2101315871182774,14799.0
0.07073438315986244,1.7134365822447646,1.4494380769173087,14800.0
0.23831647173779008,-1.046864964421121,-1.0474859041573827,14801.0
0.9212523546757249,0.1735032936200612,0.13718796831920066,14803.0
-1.0997297021385526,-1.046864964421121,-0.5630350197651925,14804.0
-0.7425543952003661,0.49306832420358254,-0.20110760053144092,14805.0
0.3827835941776752,-1.046864964421121,-1.0464480626325736,14806.0
-0.056747001836518776,1.2630349685159339,1.080831432727056,14808.0
-0.03948163559265158,1.6167819902090863,0.8624130611917937,14810.0
1.4987360492674717,-0.2768983201087692,-1.2217643524713506,14813.0
-0.11125863204513715,-0.2768983201087692,0.07090216832192772,14815.0
1.058023353553316,-1.046864964421121,-0.773226911575322,14816.0
1.0685909875415227,-0.2768983201087692,0.35576568822175886,14817.0
0.3733980598894307,0.1735032936200612,-0.06426205504336344,14818.0
0.2718850845891419,-0.2768983201087692,-0.7725778859309996,14819.0
-0.5072890349677437,0.49306832420358254,-0.27271766635184547,14820.0
1.4930436557705435,-1.046864964421121,-2.1512167691389186,14821.0
0.9949216711086241,0.1735032936200612,-0.638815828491148,14823.0
-1.0260603857056536,0.49306832420358254,0.3682198050287301,14824.0
-1.666741683149128,1.7134365822447646,0.9141348347013373,14825.0
1.058023353553316,0.1735032936200612,0.6274151461303942,14828.0
-0.28160206843873536,0.49306832420358254,-0.017187695655565095,14829.0
0.14001991215468154,-1.046864964421121,-1.0310801182418643,14830.0
-0.6150730102039852,0.9434699379324127,0.7070446179864872,14834.0
-1.0260603857056536,0.1735032936200612,-1.5561852083285634,14836.0
0.5102649791740564,0.49306832420358254,0.6733261970811624,14837.0
1.2732290368781747,-1.046864964421121,-1.9482148683892697,14840.0
0.14001991215468154,0.9434699379324127,1.228659294455521,14841.0
0.009895001113470848,0.49306832420358254,1.1049119043504534,14842.0
0.2718850845891419,0.49306832420358254,1.2024433427113799,14844.0
0.8627632666270945,-1.046864964421121,-0.6694199645582086,14847.0
-0.4747616908210964,2.528749402688867,1.933158348926164,14849.0
1.37952056372284,-1.046864964421121,-0.6281045998401988,14850.0
-0.4436804936346096,-0.2768983201087692,-0.26632205907625506,14851.0
0.2030546234958319,0.9434699379324127,1.1083131168838383,14852.0
-0.41392230877470515,-0.2768983201087692,-0.3241341250677291,14853.0
0.41020717985370486,1.1147046843093364,1.0862745268070415,14854.0
0.705564501638259,-0.2768983201087692,-0.0792198873878742,14855.0
-0.13041631826941766,0.1735032936200612,0.48928170709294205,14856.0
0.22675898866876867,-0.2768983201087692,0.39989341394207434,14857.0
-0.8426121945207178,0.49306832420358254,0.5147881524876989,14859.0
-0.5772685707748618,-1.046864964421121,-1.1483658500137943,14860.0
0.1267011893484174,-1.046864964421121,-1.3915191755440472,14861.0
-0.35795550258615016,-0.2768983201087692,0.1330497473065377,14862.0
-0.28160206843873536,-1.046864964421121,-0.7883914948263906,14863.0
-1.275451717407599,-0.2768983201087692,-2.0971791936481345,14865.0
-0.9594183827556639,1.7134365822447646,2.411181192483913,14866.0
1.0178487023427027,0.1735032936200612,-0.0026778027969534667,14867.0
-1.867892384578408,1.2630349685159339,1.1407133505607079,14868.0
-1.0997297021385526,-0.2768983201087692,0.01455384689154718,14869.0
1.2573971498179417,-1.046864964421121,-0.6244186194337641,14870.0
-1.867892384578408,0.49306832420358254,-0.24919987919357492,14871.0
1.1027056463448652,-1.046864964421121,-0.25335751257809097,14873.0
0.6377463641704376,-0.2768983201087692,0.578333412953681,14875.0
-0.8426121945207178,1.3938715516612432,0.5893288760128661,14878.0
0.40118496685500016,0.1735032936200612,-0.007311112331253323,14880.0
-0.5414036937710863,-1.046864964421121,-0.8233069289015363,14881.0
-0.33156701969869745,-0.2768983201087692,-0.15194450830853617,14882.0
-0.5772685707748618,0.9434699379324127,0.05328284842317411,14883.0
0.7780576835533258,-1.046864964421121,0.05720270734680866,14885.0
1.2329561906279893,-1.046864964421121,-0.5372674160212743,14886.0
0.41911445707406475,-1.046864964421121,0.7705497374170803,14887.0
1.0926448712451005,-1.046864964421121,-0.5276482814756418,14888.0
1.4313377327705263,-1.046864964421121,-1.329495940131472,14889.0
1.2357144261810717,-1.046864964421121,-1.3924126206890404,14890.0
0.8580547518239977,-0.2768983201087692,-0.20149825667554727,14891.0
-1.0260603857056536,-0.2768983201087692,0.4429849885006501,14893.0
0.47029914140563667,-1.046864964421121,-0.06676632870297537,14894.0
-1.1820849912145606,2.2808755077585765,2.205708550333848,14895.0
1.08585635378539,-0.2768983201087692,-0.33607684853970654,14896.0
-1.1820849912145606,0.49306832420358254,0.5222446747170726,14897.0
-0.4436804936346096,0.9434699379324127,0.4844584218133099,14898.0
-0.9594183827556639,1.3938715516612432,0.5538558352078118,14901.0
-0.35795550258615016,-1.046864964421121,-0.6112634493955487,14902.0
-0.5072890349677437,0.7409422191338733,1.1009083860308484,14903.0
-2.151398375083695,-0.2768983201087692,0.29194606077801016,14904.0
0.9037711490086323,-0.2768983201087692,-0.11674178720508659,14905.0
-1.867892384578408,1.1147046843093364,1.2771514616293318,14907.0
0.3733980598894307,-1.046864964421121,-0.7558560292293142,14908.0
-1.867892384578408,0.49306832420358254,-0.39726255757402557,14910.0
-2.6360550670182628,4.833081268531959,4.238421622925472,14911.0
-0.6550388479724051,-0.2768983201087692,0.15807346486374738,14912.0
-0.13041631826941766,0.49306832420358254,0.4362026691746769,14913.0
0.5179911550899461,-0.2768983201087692,-0.6744142817552504,14915.0
0.3444610281550118,0.49306832420358254,0.4629123933180771,14916.0
0.6877113154303994,-0.2768983201087692,0.6539544386656548,14918.0
1.112623710594867,-0.2768983201087692,0.25375384531482686,14920.0
-0.2578977032657986,-0.2768983201087692,0.49214597096030205,14921.0
0.11312383446744997,-1.046864964421121,0.040015896345443454,14923.0
1.2133377387817708,-1.046864964421121,-0.6677361997066639,14924.0
-0.21277160734542533,-1.046864964421121,-0.9289882852347302,14929.0
0.6441907582315165,0.1735032936200612,0.9650665114430134,14930.0
-1.5107170776402215,0.7409422191338733,0.45573595899471153,14931.0
1.4911358461122124,-1.046864964421121,-0.5400654316940412,14932.0
0.445175056341916,-0.2768983201087692,0.7829237255377864,14934.0
1.3450696645639013,-1.046864964421121,0.736535455910152,14935.0
-0.1703821560378375,1.2630349685159339,1.9537801289684391,14936.0
0.1908941116649935,0.1735032936200612,0.6597781349314323,14937.0
-0.2578977032657986,1.7134365822447646,1.695893014352108,14944.0
-0.7907950254730315,-1.046864964421121,-1.5684164377724092,14946.0
0.3542403736651499,-0.2768983201087692,-0.7191075855668477,14947.0
-0.4436804936346096,0.9434699379324127,0.3496947511895016,14948.0
-0.5772685707748618,-1.046864964421121,-0.5233137833194059,14950.0
0.41911445707406475,-1.046864964421121,-0.6635035704737401,14951.0
0.22675898866876867,1.6167819902090863,1.9500710947998732,14952.0
-0.38537908826217976,-1.046864964421121,-0.721871137683626,14953.0
-0.8985790007092727,-1.046864964421121,-0.6028423355381037,14954.0
1.2329561906279893,-1.046864964421121,-2.0058973175591372,14957.0
0.8533143146429201,0.1735032936200612,-0.2848445880532643,14958.0
0.2718850845891419,0.49306832420358254,-0.0196413442222353,14959.0
-1.1820849912145606,-0.2768983201087692,-0.9383966313725977,14960.0
-0.9594183827556639,1.3938715516612432,1.8381255741985143,14961.0
1.2810125510864407,-1.046864964421121,-1.3857359081717862,14962.0
-1.0260603857056536,0.7409422191338733,0.5905485341849361,14963.0
1.2161743017226836,-1.046864964421121,-0.9949506044717691,14964.0
0.5553910750944296,-0.2768983201087692,-0.13939017288683692,14965.0
-0.7425543952003661,-1.046864964421121,-1.0550821262047263,14966.0
0.09927760367238778,-1.046864964421121,-0.3446285639679496,14967.0
-0.2578977032657986,-1.046864964421121,-1.2632899493907224,14968.0
0.3142745358967301,0.49306832420358254,0.6448894438898893,14970.0
-0.15011372802955736,0.1735032936200612,0.3602548028470689,14971.0
0.7565417765237095,-1.046864964421121,-1.4650782795877115,14972.0
0.6312420213970147,0.1735032936200612,0.4911577646063237,14973.0
-0.11125863204513715,-1.046864964421121,-1.4677391232708743,14974.0
0.1908941116649935,-1.046864964421121,-0.7496991831996973,14975.0
0.1908941116649935,1.1147046843093364,0.08354018872416354,14976.0
0.3542403736651499,0.7409422191338733,0.7999178710938826,14978.0
1.2133377387817708,-1.046864964421121,-1.5587736986894651,14981.0
-0.5772685707748618,-0.2768983201087692,-0.9679415964624465,14984.0
1.0615636740586136,-0.2768983201087692,-0.7029124716806711,14985.0
-0.697428299279993,-0.2768983201087692,-0.6265052621113597,14987.0
1.1093332960238163,-1.046864964421121,-0.6067420055476035,14988.0
-0.07444951208086271,-0.2768983201087692,-0.8961617044893205,14995.0
0.040976198299957974,0.1735032936200612,-0.21342478008812266,14997.0
0.9549558333402042,-0.2768983201087692,-0.40558080381149025,14998.0
0.07073438315986244,-1.046864964421121,-0.2996888674845623,15000.0
0.6877113154303994,0.49306832420358254,0.6695526154405294,15002.0
0.8533143146429201,-1.046864964421121,0.4484561301786183,15004.0
-0.697428299279993,2.6546379729340397,1.7505960563804792,15005.0
0.11312383446744997,-1.046864964421121,-0.2809842615425058,15006.0
0.9081825945945365,-1.046864964421121,-1.2141608876582184,15007.0
-0.8985790007092727,0.1735032936200612,0.4583472240266319,15009.0
-0.13041631826941766,-1.046864964421121,-0.67061369082673,15010.0
0.1530896722358701,-0.2768983201087692,-0.4184307397171546,15012.0
-0.006179541443206692,-0.2768983201087692,-0.8084606603214862,15014.0
0.9671872555515091,-1.046864964421121,-1.149685910389398,15016.0
-0.1703821560378375,-1.046864964421121,-1.3928597166366898,15017.0
-0.07444951208086271,0.1735032936200612,-0.2904356466187283,15018.0
1.2706151579238536,-1.046864964421121,-0.790680551036176,15019.0
-1.0997297021385526,1.3938715516612432,0.7929924117330103,15021.0
-0.8985790007092727,0.49306832420358254,0.1917387488700844,15022.0
-1.867892384578408,1.6167819902090863,1.8100892771638322,15023.0
-1.0260603857056536,1.510908863446225,0.6790597508781496,15024.0
-0.19125570031580894,-1.046864964421121,-0.5108532814692464,15025.0
0.42790969009804847,0.1735032936200612,-0.33568329330787483,15026.0
-0.2349706720317201,0.49306832420358254,0.3231819286521399,15027.0
-1.1820849912145606,0.49306832420358254,-0.10257018789095837,15028.0
0.3542403736651499,-0.2768983201087692,-0.2555218345199129,15030.0
-1.666741683149128,0.49306832420358254,-0.051748530467571476,15031.0
1.241198468458277,0.1735032936200612,1.5564746088939305,15032.0
-1.5107170776402215,1.510908863446225,1.0342864074668923,15033.0
-0.697428299279993,1.2630349685159339,1.4436621469374464,15034.0
0.5102649791740564,-1.046864964421121,-0.8317386183541023,15035.0
0.3542403736651499,0.1735032936200612,-0.34160698854475713,15036.0
0.215007253117324,0.9434699379324127,-0.008106787847143847,15038.0
-1.0260603857056536,3.2299831742399085,2.671867762699815,15039.0
0.9549558333402042,-1.046864964421121,-1.1024571522371562,15041.0
1.0650861591204936,-1.046864964421121,-1.329318848494666,15042.0
-0.2349706720317201,-1.046864964421121,-0.22705377407414543,15043.0
-0.5772685707748618,2.100345083207834,1.90951341879376,15044.0
0.8767015050288409,-0.2768983201087692,0.025490464512625016,15045.0
-1.0997297021385526,1.9613104771750551,1.5966536182733744,15046.0
1.2784276616139119,-1.046864964421121,-0.5852560925400855,15047.0
0.28272579485732363,0.49306832420358254,-0.49600964428314276,15048.0
1.2887103734893812,-1.046864964421121,-1.4215412163394208,15049.0
-0.38537908826217976,0.1735032936200612,0.7353567735280855,15050.0
-0.4436804936346096,0.1735032936200612,0.5369241610566461,15051.0
1.3950346158238631,-1.046864964421121,-0.958554204532193,15052.0
-1.5107170776402215,0.1735032936200612,-0.016911698006748885,15053.0
-0.8985790007092727,-0.2768983201087692,-0.6885766872028435,15054.0
1.2912575960004193,-0.2768983201087692,0.5914647558392034,15057.0
-0.38537908826217976,1.6167819902090863,0.8765481424759614,15058.0
-0.03948163559265158,1.3938715516612432,0.5052370415069825,15059.0
-1.1820849912145606,0.49306832420358254,-0.685951755431895,15060.0
-1.666741683149128,3.2533698708694683,3.334104194061523,15061.0
0.3444610281550118,0.49306832420358254,0.26199081352046893,15062.0
1.112623710594867,-1.046864964421121,-0.5241788116051355,15063.0
-0.09261187884029425,0.49306832420358254,1.1944352305739097,15065.0
0.14001991215468154,-1.046864964421121,0.18152362349750564,15066.0
0.41020717985370486,0.1735032936200612,0.718371935858037,15067.0
0.040976198299957974,-0.2768983201087692,-0.20297578779607145,15068.0
0.9910263306383557,-1.046864964421121,0.3551801817810667,15069.0
1.5043824740783878,-1.046864964421121,-1.5273426468224929,15070.0
0.5406702828270163,-0.2768983201087692,0.2572744942068419,15071.0
-1.0260603857056536,0.1735032936200612,0.30588418004466794,15073.0
0.6180489544102976,-1.046864964421121,0.03976952005936669,15074.0
0.41020717985370486,-1.046864964421121,0.06524494752891674,15075.0
0.9671872555515091,-1.046864964421121,0.17000263475362473,15076.0
-1.275451717407599,2.8029682571406376,2.0983059818792977,15078.0
1.112623710594867,0.49306832420358254,0.18333524240687435,15079.0
-0.4747616908210964,0.7409422191338733,-0.276665467510629,15081.0
1.2439244438642056,-1.046864964421121,-1.676346049287478,15083.0
1.3088329652668718,-1.046864964421121,-0.6758245531868107,15087.0
-0.5072890349677437,-0.2768983201087692,0.3909183176897017,15088.0
-1.0260603857056536,0.9434699379324127,0.9811277146156174,15089.0
1.3704983507241346,-1.046864964421121,-0.5017332173875546,15090.0
0.3142745358967301,-1.046864964421121,-0.3158971078722232,15091.0
1.1191584479348347,-0.2768983201087692,-0.3550579787549159,15092.0
-0.6150730102039852,0.9434699379324127,1.4956463924953773,15093.0
0.6113578812829846,0.49306832420358254,0.5247187639079032,15095.0
-0.006179541443206692,-1.046864964421121,-0.9452425389986461,15096.0
-1.666741683149128,-1.046864964421121,-0.8466379443343609,15097.0
1.0026478470245137,-0.2768983201087692,0.2276758450369481,15098.0
0.4620243489013911,-1.046864964421121,-0.442612096733574,15099.0
1.4271633215298454,0.1735032936200612,0.1655728529020533,15100.0
-1.0997297021385526,-0.2768983201087692,-0.6486100632517781,15101.0
-0.2349706720317201,-0.2768983201087692,-0.010532779815203808,15103.0
1.058023353553316,-0.2768983201087692,0.29350935509844006,15104.0
-0.6150730102039852,1.1147046843093364,0.9396715340495622,15105.0
-0.6150730102039852,0.7409422191338733,0.5545498660045303,15106.0
1.3772759011016957,0.9434699379324127,-0.6436477759390808,15107.0
0.8291177200895793,0.49306832420358254,0.48244321537137524,15108.0
1.2133377387817708,-1.046864964421121,-0.3088514980959502,15109.0
-0.41392230877470515,0.49306832420358254,0.26865536577965754,15110.0
-0.28160206843873536,0.1735032936200612,0.6324058117395844,15111.0
-1.0260603857056536,0.1735032936200612,1.301577864596623,15113.0
-0.2578977032657986,1.510908863446225,1.0864867179649988,15114.0
-0.6150730102039852,-1.046864964421121,-0.5934936883047448,15115.0
-0.6150730102039852,0.49306832420358254,0.5142011999727105,15116.0
-0.7425543952003661,0.7409422191338733,0.5183598840344362,15117.0
1.2133377387817708,-1.046864964421121,-0.789474970557956,15119.0
0.7885723449436071,-1.046864964421121,-0.5505283676143553,15120.0
0.09927760367238778,-0.2768983201087692,-0.35521571958129877,15121.0
0.6755508035995611,0.1735032936200612,0.6656433512263753,15122.0
-1.275451717407599,-0.2768983201087692,0.9041289407559342,15123.0
-0.4436804936346096,-0.2768983201087692,-1.0855536661740868,15124.0
-0.38537908826217976,1.9613104771750551,2.233303379785814,15125.0
0.2934009916187583,-1.046864964421121,-0.4503700523004291,15127.0
0.22675898866876867,0.49306832420358254,0.581437398389556,15128.0
0.09927760367238778,1.6167819902090863,1.2647501948283801,15129.0
0.9549558333402042,-1.046864964421121,-0.6174372651127797,15130.0
-0.6150730102039852,0.7409422191338733,0.25388512330782487,15132.0
0.7565417765237095,0.1735032936200612,0.25756037989017305,15133.0
-0.7425543952003661,1.2630349685159339,0.5348343804540802,15134.0
1.1931529035533128,-1.046864964421121,-1.3111115167694998,15135.0
-1.867892384578408,0.49306832420358254,0.4740383761004957,15136.0
1.1960723725379039,-0.2768983201087692,-1.1086647253463928,15139.0
0.1267011893484174,1.1147046843093364,0.958749275626055,15140.0
0.040976198299957974,-1.046864964421121,-0.28635532513923867,15142.0
1.1540469992421807,-1.046864964421121,-0.8106840782151441,15143.0
-1.1820849912145606,2.100345083207834,1.7834309619085238,15144.0
-1.666741683149128,0.49306832420358254,0.41453832770602983,15145.0
0.9340822890622325,-0.2768983201087692,0.49887842380716857,15146.0
1.1960723725379039,-1.046864964421121,-0.1072276913168043,15147.0
-0.9594183827556639,-1.046864964421121,-0.6907307648401362,15148.0
0.7885723449436071,-1.046864964421121,-0.2516302489243289,15149.0
-0.6550388479724051,1.510908863446225,1.6120019479453023,15150.0
-1.0260603857056536,1.8023501878361203,1.5211828890906398,15152.0
-0.2349706720317201,-1.046864964421121,-0.619530173801629,15153.0
0.3827835941776752,-1.046864964421121,-0.7038051787771935,15154.0
-2.6360550670182628,0.1735032936200612,0.24028275511012667,15156.0
-1.666741683149128,0.1735032936200612,0.8018471638931616,15157.0
0.025608287239488887,-1.046864964421121,-0.4605588666192382,15158.0
-2.151398375083695,2.731277121487407,2.6188499901574986,15159.0
1.4737271840781139,-1.046864964421121,-1.2077947002489349,15160.0
-0.6150730102039852,-0.2768983201087692,-0.6823070298043477,15163.0
0.32448218880524576,0.1735032936200612,0.13481228952167884,15164.0
1.5043824740783878,-1.046864964421121,-0.30423242860809974,15165.0
1.39940470383687,-1.046864964421121,-1.183610542070842,15167.0
-0.35795550258615016,-1.046864964421121,-1.5246275387921169,15168.0
1.4208546007832665,-1.046864964421121,0.47578240150613454,15171.0
-1.0997297021385526,0.7409422191338733,0.6608508758073598,15172.0
1.403747648270996,-1.046864964421121,-1.330381985121905,15174.0
0.3542403736651499,-1.046864964421121,-0.9280570697786609,15175.0
1.2520391787264589,-1.046864964421121,-2.3007907714218754,15178.0
-0.6150730102039852,0.7409422191338733,0.9069112016685834,15179.0
1.4930436557705435,-1.046864964421121,-1.6827390206206445,15180.0
0.2934009916187583,0.1735032936200612,-0.026523822883561258,15181.0
0.8858416587895677,-0.2768983201087692,-0.10806454119769085,15182.0
-0.28160206843873536,-0.2768983201087692,-0.44991626055063033,15184.0
0.3345429639050105,-1.046864964421121,-0.6662625698768886,15185.0
-0.7907950254730315,-0.2768983201087692,-0.44079639872110105,15186.0
-2.151398375083695,2.033001612828286,1.526489051866618,15187.0
-2.6360550670182628,3.0782713743035783,2.507499530866749,15189.0
0.7114156806033363,0.1735032936200612,0.3065836052331501,15192.0
0.23831647173779008,-1.046864964421121,-0.285422832155623,15193.0
-1.867892384578408,1.9613104771750551,1.9007446815971003,15194.0
-0.9594183827556639,0.1735032936200612,0.3332476242320229,15197.0
0.5256328902345255,-0.2768983201087692,-1.0454115618847237,15198.0
0.215007253117324,0.49306832420358254,0.4627353435521852,15199.0
0.48656061400111966,0.7409422191338733,0.4421354611510795,15201.0
-0.35795550258615016,0.9434699379324127,0.7556763497590927,15203.0
1.4737271840781139,-1.046864964421121,-0.65101405796777,15204.0
0.47029914140563667,-0.2768983201087692,-0.06984321966159521,15205.0
-1.0260603857056536,0.49306832420358254,-0.4236441700209275,15206.0
-2.6360550670182628,0.7409422191338733,0.1601693043059864,15208.0
1.1509462766175307,-1.046864964421121,-0.6148408963109159,15210.0
0.22675898866876867,-0.2768983201087692,0.18225952645623625,15211.0
1.1989797023232658,-1.046864964421121,-1.5612917506812007,15212.0
1.3950346158238631,-0.2768983201087692,-0.6217262891982511,15213.0
-2.151398375083695,1.2630349685159339,0.6791128719201324,15214.0
0.056013590892448804,0.1735032936200612,0.024704845201585363,15215.0
0.4945516930480387,-1.046864964421121,-1.603358149204741,15216.0
-0.9594183827556639,1.6167819902090863,1.6761582449262835,15218.0
0.9792083849826057,-1.046864964421121,-0.6789411519651081,15219.0
0.1267011893484174,0.9434699379324127,0.7339463791814607,15220.0
1.4911358461122124,-1.046864964421121,-0.45686960325922576,15221.0
1.3950346158238631,-1.046864964421121,-0.15836469101233394,15222.0
1.1540469992421807,-0.2768983201087692,0.04710686295492869,15223.0
1.4756830225729232,-0.2768983201087692,-0.6371950174560453,15224.0
1.17836986229356,-1.046864964421121,-0.44472581886622137,15225.0
1.3772759011016957,-1.046864964421121,-1.2270468394759881,15226.0
-0.11125863204513715,0.7409422191338733,0.43093658873795765,15227.0
0.2934009916187583,0.49306832420358254,1.2505000010436664,15228.0
1.1931529035533128,-0.2768983201087692,-0.4060848928305258,15230.0
0.6693903073076132,-0.2768983201087692,-0.12208529521762966,15232.0
1.2963243703891492,-1.046864964421121,-1.0316093891891693,15234.0
1.1288474501660841,1.7134365822447646,0.9215225086868197,15235.0
1.3497623788629358,-1.046864964421121,-0.6397648984242904,15236.0
-2.151398375083695,0.49306832420358254,0.5487762529468277,15237.0
-0.28160206843873536,0.1735032936200612,0.3275647318458914,15238.0
-1.0260603857056536,-0.2768983201087692,0.07305321354468501,15239.0
0.025608287239488887,0.7409422191338733,0.7006155293667464,15240.0
0.3039156530090395,1.2630349685159339,0.7237249909708271,15241.0
0.3733980598894307,-1.046864964421121,-0.650760666418023,15243.0
0.28272579485732363,-0.2768983201087692,-0.09690992346974621,15244.0
0.7885723449436071,0.1735032936200612,1.012010497420127,15245.0
1.1902211935728266,-0.2768983201087692,-0.26194081320027696,15246.0
0.7229731636723576,-1.046864964421121,-0.5568587340036887,15247.0
-0.21277160734542533,1.8023501878361203,1.7964942657064447,15249.0
-1.0997297021385526,1.6167819902090863,2.157183241756354,15251.0
-0.13041631826941766,-0.2768983201087692,0.03105501490676011,15252.0
-0.697428299279993,0.7409422191338733,0.20332102119298814,15253.0
0.7510577342465041,-1.046864964421121,-0.6932111181869461,15254.0
0.3039156530090395,-1.046864964421121,0.1790597231716936,15255.0
0.8627632666270945,-1.046864964421121,-1.588138207884787,15256.0
1.3113080538902446,-1.046864964421121,-0.6495707969323796,15257.0
0.9508306779768274,-0.2768983201087692,-0.10766531929916225,15258.0
0.5839342956069556,1.1147046843093364,0.7481659809294325,15260.0
0.7937709696793442,-1.046864964421121,-0.8251310131070707,15261.0
1.4059090466102924,-1.046864964421121,-1.1087095586093645,15262.0
0.6312420213970147,-1.046864964421121,-1.216208782732931,15263.0
0.2718850845891419,-1.046864964421121,-0.4760175600390886,15264.0
0.8720862288265253,-0.2768983201087692,0.6003674803533467,15265.0
1.435487369911395,-1.046864964421121,-1.4340197524005611,15266.0
-0.4747616908210964,0.7409422191338733,0.705672287548027,15267.0
-0.41392230877470515,-1.046864964421121,-0.4459025196256091,15269.0
-0.697428299279993,1.1147046843093364,0.9673051272852279,15270.0
-1.275451717407599,1.9613104771750551,1.009208815556602,15271.0
0.1908941116649935,-0.2768983201087692,0.010386089527657292,15272.0
-1.666741683149128,-0.2768983201087692,0.0043959408972070535,15274.0
-0.09261187884029425,-1.046864964421121,-0.11805802785613227,15275.0
0.2934009916187583,-1.046864964421121,-1.3329867096793664,15276.0
0.056013590892448804,-1.046864964421121,-0.821737764197759,15277.0
1.4697990175330535,-1.046864964421121,-0.7199632691109158,15279.0
0.9631338424259281,-1.046864964421121,-1.4766965223175386,15280.0
0.215007253117324,1.3938715516612432,0.9511821608829806,15281.0
0.09927760367238778,-1.046864964421121,-0.871367904219981,15286.0
-0.4747616908210964,-0.2768983201087692,-0.3059779497529289,15287.0
-0.006179541443206692,0.7409422191338733,0.942316038352973,15288.0
-0.28160206843873536,0.1735032936200612,0.22195922758161107,15289.0
-1.5107170776402215,2.1638381959735944,1.9344401295929123,15290.0
-0.35795550258615016,1.9613104771750551,1.5079913618610266,15291.0
1.0720783354488947,-1.046864964421121,-1.0998367338552721,15292.0
0.11312383446744997,0.9434699379324127,1.3155770268862523,15296.0
-1.0260603857056536,0.1735032936200612,-0.08384339627810622,15297.0
-2.151398375083695,1.6167819902090863,1.3449676150120011,15298.0
0.3039156530090395,0.9434699379324127,1.2777722462274892,15299.0
0.2718850845891419,-1.046864964421121,-0.290063849621842,15300.0
0.11312383446744997,1.7134365822447646,1.5742743995869557,15301.0
1.3283926128738737,-1.046864964421121,-0.1735666159354859,15303.0
0.23831647173779008,1.2630349685159339,-0.02081899323774511,15304.0
0.2718850845891419,0.1735032936200612,0.400734187957318,15306.0
0.5553910750944296,-1.046864964421121,-0.9984990315731687,15307.0
1.2887103734893812,-1.046864964421121,-0.6666501048587233,15308.0
-2.6360550670182628,3.963919836566577,3.566942191001601,15311.0
0.3827835941776752,0.49306832420358254,0.20911078161676608,15312.0
0.6505762985569453,-1.046864964421121,-2.1002590963066687,15313.0
1.0650861591204936,-1.046864964421121,-0.6226553458286729,15314.0
0.2718850845891419,-0.2768983201087692,-0.1785017030953663,15315.0
1.4123534406713718,-1.046864964421121,-1.173826107913247,15316.0
-1.666741683149128,-1.046864964421121,-0.6611132443434603,15318.0
1.3137744120241468,-1.046864964421121,-1.0016315437312746,15319.0
0.009895001113470848,-1.046864964421121,-0.7872794451505248,15320.0
0.3444610281550118,0.1735032936200612,1.0829185239427894,15321.0
0.4784771504913606,-1.046864964421121,-0.03800941714553166,15322.0
0.6113578812829846,-1.046864964421121,-1.1871129159604845,15325.0
1.4271633215298454,-1.046864964421121,-0.6634520906112077,15326.0
0.14001991215468154,-1.046864964421121,-0.9851284426176432,15327.0
-0.07444951208086271,0.1735032936200612,0.31070625637664534,15329.0
-0.21277160734542533,-0.2768983201087692,0.0025912626398589427,15330.0
1.4911358461122124,0.49306832420358254,0.6789293479525776,15332.0
1.0960145732175521,-1.046864964421121,0.29438347123176145,15333.0
0.8993316940568102,0.1735032936200612,-0.5666770433587364,15334.0
0.1530896722358701,-1.046864964421121,-1.1313537115946681,15335.0
0.2934009916187583,-0.2768983201087692,-0.17349673346479086,15339.0
0.43659566274115785,-1.046864964421121,0.8361017519747309,15341.0
0.7673824867918912,-1.046864964421121,-0.45123889147177104,15342.0
0.48656061400111966,-1.046864964421121,-0.5379274848839214,15343.0
-2.6360550670182628,0.1735032936200612,-0.18778070640445982,15344.0
0.040976198299957974,-1.046864964421121,-0.47642519832511326,15345.0
1.4250667328345732,-1.046864964421121,-0.8327233447323406,15346.0
1.4911358461122124,-1.046864964421121,-1.0130905398296122,15347.0
0.3542403736651499,-1.046864964421121,-1.2084036670009741,15348.0
0.9037711490086323,-0.2768983201087692,-0.32749678240115504,15349.0
1.5043824740783878,-1.046864964421121,-1.4589499968769493,15350.0
-0.8985790007092727,1.1147046843093364,0.8117480745756005,15351.0
1.2384618238454914,-0.2768983201087692,0.06937544469111201,15353.0
-0.28160206843873536,-0.2768983201087692,-0.7580250320569436,15355.0
-0.2349706720317201,1.510908863446225,1.0882112315252448,15356.0
-1.5107170776402215,2.386748634521438,1.9742408390989357,15358.0
-0.056747001836518776,-1.046864964421121,-0.4092098342355597,15360.0
1.483452122569123,-1.046864964421121,-0.42628279599508495,15361.0
1.5043824740783878,-1.046864964421121,-0.6274890925930615,15363.0
0.5553910750944296,-0.2768983201087692,0.19893134837598586,15364.0
-0.35795550258615016,1.1147046843093364,0.9450246595000847,15365.0
0.3827835941776752,-0.2768983201087692,-0.1347025232656228,15366.0
0.1908941116649935,0.49306832420358254,0.7772393169594684,15367.0
-0.5072890349677437,-1.046864964421121,-0.3743374904639789,15368.0
-0.03948163559265158,1.1147046843093364,0.9695139770341445,15370.0
0.8040536815548137,-1.046864964421121,0.8308750382309955,15372.0
-1.1820849912145606,1.7134365822447646,0.9794921503626557,15373.0
0.7619831409966483,-1.046864964421121,-1.1593696148644286,15374.0
-0.056747001836518776,0.1735032936200612,0.44006949990572086,15376.0
0.9508306779768274,1.1147046843093364,1.3221968876805927,15379.0
-1.0997297021385526,0.7409422191338733,0.6929107950617559,15380.0
1.1158987133315823,-0.2768983201087692,-0.14227511033180096,15381.0
-0.7425543952003661,0.9434699379324127,1.7033992205122732,15382.0
0.9549558333402042,-0.2768983201087692,-0.08325619273427426,15384.0
-0.056747001836518776,-1.046864964421121,-0.650254123275183,15385.0
1.0178487023427027,-1.046864964421121,-0.47520290427808376,15386.0
1.2784276616139119,-1.046864964421121,-1.302560004435392,15388.0
0.9631338424259281,-1.046864964421121,-0.28433094292861855,15389.0
-1.5107170776402215,0.49306832420358254,0.6158832563594728,15392.0
-0.697428299279993,-0.2768983201087692,-0.9008884149739826,15393.0
-1.0260603857056536,0.49306832420358254,0.8983552816174872,15394.0
1.410211902072359,-1.046864964421121,-1.5179543621040863,15395.0
0.6693903073076132,-1.046864964421121,-0.7264240716939625,15396.0
1.3283926128738737,-1.046864964421121,-1.6252484420941349,15397.0
-0.697428299279993,-0.2768983201087692,0.5099075622252776,15398.0
-2.6360550670182628,0.1735032936200612,0.10842113191638782,15399.0
0.5256328902345255,0.7409422191338733,0.003981560278130062,15400.0
0.8627632666270945,-0.2768983201087692,-0.1030308832008901,15402.0
1.0290363299119667,-1.046864964421121,-0.5725618710299006,15405.0
-0.2349706720317201,-0.2768983201087692,-0.2673268548960338,15406.0
-0.1703821560378375,0.49306832420358254,0.31584134949497733,15407.0
1.2627143754878933,-1.046864964421121,-0.7871292863177062,15408.0
0.4620243489013911,1.2630349685159339,1.265550387112172,15410.0
-0.35795550258615016,0.49306832420358254,0.5178286794572239,15411.0
0.9590567941048489,-1.046864964421121,-1.058401904618119,15412.0
-1.0260603857056536,0.1735032936200612,0.06718344251125954,15414.0
1.3817580434113175,-1.046864964421121,-0.1752596303936985,15415.0
0.28272579485732363,0.49306832420358254,1.380882155474865,15416.0
0.47029914140563667,-1.046864964421121,-0.2703330458667319,15417.0
-0.38537908826217976,-1.046864964421121,-1.3297321231350303,15419.0
0.215007253117324,0.49306832420358254,0.23094117299151395,15421.0
1.403747648270996,-0.2768983201087692,-1.5942736978204726,15422.0
-0.09261187884029425,-1.046864964421121,-2.243458268682951,15423.0
1.2357144261810717,-0.2768983201087692,-0.497494268422682,15424.0
-0.5772685707748618,0.7409422191338733,0.5684555565344563,15426.0
-0.19125570031580894,0.1735032936200612,0.5880316306398369,15427.0
-0.7425543952003661,-1.046864964421121,-1.6271283982701268,15428.0
-0.33156701969869745,-0.2768983201087692,-0.4686950748413075,15429.0
-0.4436804936346096,-1.046864964421121,-1.144278037698837,15432.0
1.1158987133315823,-0.2768983201087692,-0.23260095216907972,15433.0
-1.1820849912145606,0.7409422191338733,0.3043987627795952,15434.0
-0.4747616908210964,-1.046864964421121,-1.2541014009853386,15435.0
-0.8985790007092727,0.1735032936200612,0.3645259838489521,15436.0
1.2573971498179417,-1.046864964421121,-1.0188419168404683,15437.0
0.7727404578833741,-1.046864964421121,-1.21585002354582,15438.0
0.1659196066223777,0.1735032936200612,-0.49678297885696937,15440.0
1.2218131371706191,-1.046864964421121,-0.14611538960945336,15442.0
-2.151398375083695,1.1147046843093364,1.2142035095900452,15443.0
-1.0997297021385526,-0.2768983201087692,0.5521435841086719,15444.0
1.2627143754878933,-1.046864964421121,-1.4740058553374298,15445.0
1.4208546007832665,-1.046864964421121,-1.22310756946826,15447.0
1.3817580434113175,-1.046864964421121,-0.2929781777709942,15448.0
-0.35795550258615016,0.1735032936200612,0.25108260098645624,15449.0
-0.2578977032657986,-1.046864964421121,-0.40563679806473524,15450.0
-0.2578977032657986,0.1735032936200612,-0.22447319377288877,15452.0
-2.151398375083695,1.1147046843093364,0.5350540055687448,15453.0
1.483452122569123,-1.046864964421121,-1.1080373225773315,15454.0
1.3113080538902446,0.1735032936200612,-0.37383501253746665,15456.0
1.2573971498179417,-1.046864964421121,-0.8830596295948441,15457.0
-0.38537908826217976,-1.046864964421121,-1.1903327756658675,15458.0
1.4678266274917462,-1.046864964421121,-0.9549186160107008,15460.0
0.5406702828270163,0.1735032936200612,-0.8914626776952917,15462.0
-0.28160206843873536,-1.046864964421121,-1.3892899058205914,15463.0
1.435487369911395,-1.046864964421121,0.310056315564186,15464.0
-0.5414036937710863,2.1638381959735944,1.8726699630673815,15465.0
0.47029914140563667,-1.046864964421121,-0.6067659884987845,15466.0
-1.0997297021385526,0.1735032936200612,-0.2453693348142893,15467.0
0.11312383446744997,-0.2768983201087692,-0.33823627909138376,15468.0
0.09927760367238778,-0.2768983201087692,-0.22474130690904076,15469.0
-2.151398375083695,-1.046864964421121,-0.3348625819680866,15471.0
0.6693903073076132,-1.046864964421121,-0.5225360544722878,15472.0
-0.7907950254730315,1.1147046843093364,0.7304389519691253,15473.0
0.40118496685500016,-1.046864964421121,-0.3615685867510228,15475.0
-0.056747001836518776,-0.2768983201087692,0.5651394371961398,15478.0
0.6877113154303994,-1.046864964421121,0.1921464330861704,15480.0
-0.697428299279993,1.7134365822447646,2.1996533023511122,15482.0
0.9169228559760545,0.49306832420358254,-0.8941689751280185,15483.0
-2.6360550670182628,0.49306832420358254,1.2982321203351126,15484.0
-0.2578977032657986,0.1735032936200612,1.0306585055149544,15485.0
0.5331920104081352,-1.046864964421121,-1.64845533302694,15488.0
-0.4436804936346096,0.1735032936200612,0.37288049367151593,15489.0
0.5480694186031799,0.9434699379324127,1.179553165128292,15491.0
-0.3061383335384639,-0.2768983201087692,-0.06223991609413099,15492.0
-0.19125570031580894,0.7409422191338733,0.8286337135763061,15493.0
-0.5072890349677437,-0.2768983201087692,0.481813581773548,15494.0
-0.6150730102039852,-0.2768983201087692,0.4586142401988464,15497.0
-1.867892384578408,2.614239809702425,2.3489776435065193,15498.0
-1.1820849912145606,0.49306832420358254,0.3709542374520967,15500.0
-0.697428299279993,1.6167819902090863,1.8588455051964803,15502.0
1.4853809839467895,-1.046864964421121,-1.2660126127110807,15503.0
0.43659566274115785,-1.046864964421121,-2.087554064327892,15504.0
0.14001991215468154,0.7409422191338733,1.3019401135599211,15505.0
-0.4436804936346096,0.1735032936200612,0.2549755410275693,15506.0
0.9631338424259281,-1.046864964421121,-0.29668492223392695,15507.0
1.0290363299119667,0.9434699379324127,0.2720071019975618,15508.0
1.4208546007832665,-1.046864964421121,-0.840452392406399,15510.0
-0.8985790007092727,0.7409422191338733,0.1954445922128897,15511.0
0.8948638717882724,-0.2768983201087692,-1.422667642768327,15512.0
-0.19125570031580894,2.2238975283871487,2.431458582306298,15513.0
-0.8985790007092727,1.6167819902090863,1.4115294835573817,15514.0
0.025608287239488887,0.1735032936200612,-1.953594386245301,15516.0
1.1753753746075404,-1.046864964421121,-0.7875798471524222,15517.0
0.2718850845891419,1.2630349685159339,0.8044867097768835,15518.0
-2.151398375083695,-1.046864964421121,-0.585536327840627,15520.0
-0.056747001836518776,1.2630349685159339,1.1532756356124523,15521.0
-0.19125570031580894,-0.2768983201087692,-0.46569215155684107,15522.0
0.4620243489013911,-1.046864964421121,-0.4396271575572353,15523.0
-0.38537908826217976,-1.046864964421121,-0.38689340274888273,15524.0
-2.151398375083695,0.1735032936200612,0.11834211259606515,15525.0
-0.19125570031580894,-0.2768983201087692,-1.2586825212052302,15526.0
-0.5772685707748618,1.2630349685159339,0.9840851477758354,15527.0
1.2357144261810717,-1.046864964421121,-0.9096911813632013,15528.0
-0.4436804936346096,1.6167819902090863,1.3830760755468972,15529.0
-0.4747616908210964,0.49306832420358254,0.5983566748134739,15530.0
-1.1820849912145606,-0.2768983201087692,0.8308910251925141,15531.0
-0.38537908826217976,0.49306832420358254,0.6392608174962414,15532.0
-0.5772685707748618,0.1735032936200612,0.10031558662517924,15533.0
0.9671872555515091,0.49306832420358254,-0.227950715092429,15535.0
0.9255552101377914,-1.046864964421121,-1.4924539476243006,15537.0
-1.275451717407599,-1.046864964421121,-0.22487539708336532,15539.0
-0.9594183827556639,-1.046864964421121,-0.9678287455364161,15540.0
0.6755508035995611,-1.046864964421121,-1.7047699867893351,15541.0
1.323553757534285,-1.046864964421121,-1.3784237594879454,15543.0
-1.0997297021385526,1.3938715516612432,1.2875359744847052,15544.0
0.1530896722358701,-0.2768983201087692,-0.7138829177263016,15545.0
-1.275451717407599,1.8846713286216876,1.555785103734441,15547.0
0.40118496685500016,0.1735032936200612,0.6943335391877664,15549.0
-1.666741683149128,0.49306832420358254,-0.17131945230710352,15550.0
-0.11125863204513715,-1.046864964421121,-0.39411011649671124,15551.0
1.125632677578944,-1.046864964421121,-1.6590681022836713,15552.0
0.22675898866876867,-1.046864964421121,-0.3919602979010986,15553.0
1.298844055299601,-1.046864964421121,-0.9532916544005048,15554.0
-0.8985790007092727,2.033001612828286,1.5311761741563685,15555.0
-0.41392230877470515,-1.046864964421121,-0.7501865546096562,15556.0
-0.28160206843873536,-1.046864964421121,-0.32776775993347795,15557.0
-0.8985790007092727,0.49306832420358254,0.09335087603054797,15561.0
1.4638650769171733,-1.046864964421121,-1.337505793586808,15562.0
-0.4747616908210964,0.49306832420358254,0.5419988933951709,15563.0
0.09927760367238778,-0.2768983201087692,-1.1350979874676845,15565.0
-0.5772685707748618,-1.046864964421121,-1.0776648351600646,15567.0
-1.867892384578408,0.1735032936200612,0.049798837541280276,15568.0
0.6113578812829846,0.7409422191338733,0.5277044629150406,15569.0
-1.275451717407599,1.7134365822447646,1.416564622120597,15570.0
-0.8985790007092727,0.49306832420358254,-0.07330192450018243,15571.0
-1.5107170776402215,1.1147046843093364,1.023730338696065,15572.0
-0.21277160734542533,-0.2768983201087692,-0.1281511472044243,15573.0
0.9871091674185659,0.49306832420358254,-0.011799942605337054,15574.0
-0.09261187884029425,-1.046864964421121,0.22271868325265684,15576.0
0.8720862288265253,0.1735032936200612,-0.8124486643629801,15577.0
0.9212523546757249,-1.046864964421121,-1.383206942619107,15578.0
0.32448218880524576,-0.2768983201087692,-0.5737118119710543,15579.0
0.7229731636723576,1.7134365822447646,0.4045646029548519,15581.0
-0.38537908826217976,0.1735032936200612,-0.03420566404727296,15582.0
-0.41392230877470515,0.49306832420358254,0.013901294063956578,15584.0
0.9831699355571787,-1.046864964421121,-0.3594688653995652,15585.0
0.09927760367238778,0.49306832420358254,0.19936173882686795,15587.0
1.241198468458277,0.1735032936200612,-0.3195438423372101,15589.0
0.056013590892448804,-1.046864964421121,-0.4866014605095257,15592.0
0.3444610281550118,-1.046864964421121,-1.0202862262445398,15593.0
-0.697428299279993,0.7409422191338733,0.7307016358823208,15594.0
0.5908916844129738,0.7409422191338733,0.5455145215768537,15596.0
-0.15011372802955736,-1.046864964421121,-0.631016185381491,15597.0
0.14001991215468154,-1.046864964421121,-0.8709344284267624,15598.0
-0.33156701969869745,-0.2768983201087692,0.05344085364723315,15599.0
-0.9594183827556639,1.8846713286216876,1.806993298292293,15601.0
-1.1820849912145606,1.3938715516612432,0.4809733009421151,15602.0
0.41911445707406475,-1.046864964421121,-2.156495167501818,15603.0
0.1267011893484174,-1.046864964421121,-0.9562893011100934,15604.0
-0.13041631826941766,0.7409422191338733,0.41688529531347407,15605.0
0.23831647173779008,1.3938715516612432,1.1315806380105733,15606.0
1.4334156297113096,-1.046864964421121,-1.5382959044128317,15607.0
-0.3061383335384639,0.49306832420358254,0.343636215608182,15608.0
1.0102895821690931,-1.046864964421121,-0.6982487062942787,15609.0
0.1267011893484174,-1.046864964421121,-1.481391340340267,15610.0
-1.0260603857056536,1.8023501878361203,0.6445819773910003,15611.0
-0.13041631826941766,-0.2768983201087692,-1.0391794071787932,15612.0
-1.0260603857056536,2.4361268552231152,2.1506332294583963,15615.0
-0.19125570031580894,0.49306832420358254,0.06920092440131058,15618.0
-0.9594183827556639,-1.046864964421121,-0.6022935981624523,15619.0
0.1908941116649935,0.1735032936200612,0.6250527738536975,15620.0
-1.666741683149128,0.49306832420358254,0.477975730508374,15621.0
-0.006179541443206692,1.3938715516612432,1.3235541275629281,15622.0
0.8241762733323041,-1.046864964421121,-0.6914234250999745,15623.0
0.6937131703589926,0.49306832420358254,-0.15408341322347724,15624.0
0.6113578812829846,0.49306832420358254,0.6152194074298101,15625.0
0.3827835941776752,-0.2768983201087692,-0.042602602574386625,15626.0
-1.5107170776402215,1.3938715516612432,1.117746536709942,15628.0
0.025608287239488887,-0.2768983201087692,0.4088909607905702,15630.0
-0.697428299279993,1.2630349685159339,1.2261113243639352,15632.0
-0.6550388479724051,-1.046864964421121,-0.8614237943899774,15634.0
0.5102649791740564,-0.2768983201087692,0.01351393549317741,15636.0
0.14001991215468154,-1.046864964421121,-0.9308539649136061,15637.0
0.7885723449436071,-1.046864964421121,-0.41411823195429603,15639.0
-1.666741683149128,1.9613104771750551,2.299221601951699,15640.0
0.6180489544102976,0.49306832420358254,0.7813352962797895,15641.0
1.0400477670289971,0.1735032936200612,-0.05673537754800488,15643.0
0.9383071466653319,0.49306832420358254,0.10569218802214242,15644.0
-0.5772685707748618,-1.046864964421121,-0.12215083997060436,15645.0
0.9037711490086323,0.1735032936200612,-0.37308188520848357,15646.0
1.082437218336585,-0.2768983201087692,-0.06481110444437736,15648.0
1.4313377327705263,-0.2768983201087692,0.10864730612280124,15649.0
-0.11125863204513715,0.1735032936200612,-0.07841257453328546,15651.0
0.5179911550899461,-1.046864964421121,-0.5991040478711431,15652.0
0.6877113154303994,-1.046864964421121,-2.1644784538399042,15653.0
-1.0997297021385526,-0.2768983201087692,0.20709563728971622,15654.0
1.2047583451810127,-1.046864964421121,-0.19244645373570485,15655.0
0.025608287239488887,0.49306832420358254,0.03937301677795937,15656.0
-0.4436804936346096,-1.046864964421121,-2.541568784561304,15657.0
1.0327261105377474,0.7409422191338733,0.29089694687541595,15658.0
0.009895001113470848,-1.046864964421121,-0.6771063927202206,15659.0
-0.38537908826217976,1.3938715516612432,0.6493119650061556,15660.0
1.390637042799955,-0.2768983201087692,-0.6683833834614419,15661.0
0.6246766040892487,-1.046864964421121,-1.3163794416666177,15663.0
0.11312383446744997,-1.046864964421121,-0.4910529612341814,15664.0
0.9466810408359587,-0.2768983201087692,0.9195567184363385,15665.0
-0.056747001836518776,-1.046864964421121,-0.6906508809691793,15667.0
1.1288474501660841,-1.046864964421121,-1.7924183192652572,15668.0
-0.056747001836518776,0.49306832420358254,-0.032527391678246545,15669.0
1.3450696645639013,-1.046864964421121,-1.1356078196809196,15670.0
-0.5772685707748618,1.1147046843093364,1.0558487946105126,15671.0
0.4945516930480387,0.49306832420358254,1.1207542085433604,15673.0
0.36388482734386973,0.7409422191338733,0.9896199786277352,15674.0
0.43659566274115785,0.1735032936200612,-0.6331944362441135,15675.0
-0.5772685707748618,0.1735032936200612,1.262036633070904,15676.0
0.08515163220306504,-1.046864964421121,-0.06495758109721349,15677.0
0.14001991215468154,-1.046864964421121,-0.5643305957359328,15678.0
-0.41392230877470515,0.49306832420358254,0.07376210283706794,15679.0
-1.0997297021385526,0.1735032936200612,0.5028103366731407,15680.0
-0.38537908826217976,0.7409422191338733,0.5566002355103888,15681.0
0.6937131703589926,-1.046864964421121,-1.0449559254218603,15683.0
-1.0997297021385526,1.3938715516612432,1.151374703027201,15687.0
0.7114156806033363,-0.2768983201087692,-0.827401178235816,15689.0
-1.666741683149128,-0.2768983201087692,-0.874007151209724,15690.0
1.2301870313412464,-1.046864964421121,-1.3242001211856387,15691.0
-0.3061383335384639,-1.046864964421121,-1.0562571856471281,15692.0
-2.6360550670182628,1.8846713286216876,1.7710162019378812,15694.0
1.2706151579238536,-0.2768983201087692,-0.4435899795756578,15695.0
-0.19125570031580894,1.2630349685159339,1.0794516760596016,15696.0
-0.6150730102039852,-1.046864964421121,-0.6687719444460128,15699.0
0.9631338424259281,-0.2768983201087692,-0.01818898378226128,15700.0
-2.151398375083695,0.49306832420358254,0.61932956569671,15701.0
1.265357901532723,-1.046864964421121,-0.9746280545117414,15703.0
0.8191996558395774,0.49306832420358254,0.9378162303865952,15704.0
1.0720783354488947,-1.046864964421121,-1.2880770067176808,15705.0
0.2718850845891419,0.49306832420358254,0.31896419922695046,15706.0
-0.15011372802955736,0.49306832420358254,0.22689561521275323,15707.0
-0.03948163559265158,1.1147046843093364,1.245159106961063,15708.0
1.3137744120241468,-1.046864964421121,-1.3452953077569931,15709.0
-1.0997297021385526,0.7409422191338733,0.3278416046102674,15712.0
0.8340244897418808,-0.2768983201087692,-0.5552826999340952,15713.0
-0.8985790007092727,-0.2768983201087692,-0.6155680029588381,15714.0
0.8485415192784374,0.49306832420358254,0.3618627470837338,15716.0
1.17836986229356,-1.046864964421121,-1.2486917420257917,15717.0
-0.19125570031580894,1.8023501878361203,1.5703500504484869,15719.0
-0.41392230877470515,-1.046864964421121,-0.13975189830264625,15720.0
-0.8985790007092727,-1.046864964421121,-0.2730498644066756,15721.0
-0.13041631826941766,0.7409422191338733,0.9125660790872309,15722.0
1.4892228167219115,-1.046864964421121,-1.007143042933223,15723.0
1.0720783354488947,-0.2768983201087692,-0.9494224112134871,15724.0
-0.7425543952003661,-1.046864964421121,-0.4333425323094276,15725.0
-0.6550388479724051,1.1147046843093364,1.5912789683299582,15727.0
1.112623710594867,-1.046864964421121,-1.705996117345356,15729.0
0.2934009916187583,0.1735032936200612,0.36334580031296265,15730.0
1.1093332960238163,-0.2768983201087692,-0.7100548172180179,15732.0
1.3113080538902446,-1.046864964421121,-1.1870634804475275,15733.0
0.6816574957434322,-0.2768983201087692,0.5062739594616279,15734.0
-0.7425543952003661,1.2630349685159339,0.4214855043908326,15737.0
-0.5772685707748618,2.033001612828286,1.5323857859441843,15738.0
0.2934009916187583,-1.046864964421121,-0.3704336286161116,15739.0
0.08515163220306504,-1.046864964421121,-1.2246084308033078,15740.0
-0.697428299279993,0.49306832420358254,0.0770210870084453,15743.0
0.41020717985370486,-1.046864964421121,-2.4224893874393314,15744.0
-0.5772685707748618,0.49306832420358254,0.34430350572340945,15745.0
0.7885723449436071,-1.046864964421121,-1.0320982570771249,15746.0
-0.8426121945207178,0.1735032936200612,0.25068732389640946,15747.0
-0.056747001836518776,-1.046864964421121,-1.2539939242728817,15748.0
-1.867892384578408,1.2630349685159339,0.9957875314539748,15750.0
-0.056747001836518776,1.1147046843093364,1.0498630591110307,15752.0
1.3636544611158317,-1.046864964421121,-1.7626996011125915,15753.0
0.11312383446744997,0.1735032936200612,-0.35372718035393674,15754.0
-1.0260603857056536,0.9434699379324127,0.962149995594248,15755.0
0.23831647173779008,0.49306832420358254,-0.23311262221714565,15756.0
0.2934009916187583,-0.2768983201087692,0.0019850565987083986,15757.0
-0.38537908826217976,-1.046864964421121,-0.9986944556777257,15758.0
1.1288474501660841,0.1735032936200612,-0.8307550991065907,15759.0
0.28272579485732363,-0.2768983201087692,-0.1600808706127791,15762.0
-0.21277160734542533,-0.2768983201087692,0.3386617519762899,15763.0
0.4945516930480387,0.9434699379324127,1.224806168795628,15764.0
0.2718850845891419,-1.046864964421121,-0.6548754952204381,15766.0
0.6877113154303994,0.1735032936200612,-0.10937951390333728,15768.0
-1.275451717407599,2.528749402688867,3.3190340394778888,15769.0
-1.3832356926438403,-1.046864964421121,-0.09170570852667193,15773.0
0.32448218880524576,-1.046864964421121,-0.7763317872466392,15774.0
1.210489621581107,-1.046864964421121,-1.5372244179231274,15775.0
0.7833347788358023,-1.046864964421121,-0.8678070148137035,15776.0
1.1989797023232658,0.49306832420358254,0.3087242041838207,15777.0
1.0102895821690931,0.1735032936200612,-0.3250114500947815,15780.0
-0.38537908826217976,0.1735032936200612,-0.5809713632254585,15781.0
-1.0260603857056536,0.1735032936200612,1.0429460451394321,15782.0
-0.9594183827556639,-1.046864964421121,-0.8524153806429101,15783.0
-0.19125570031580894,0.7409422191338733,0.9500874206377014,15785.0
0.040976198299957974,0.1735032936200612,1.5521107152522546,15786.0
-0.35795550258615016,0.1735032936200612,0.228988649076186,15787.0
1.4756830225729232,-1.046864964421121,-0.5675216201702976,15789.0
-1.0260603857056536,-1.046864964421121,-0.9399209769684941,15790.0
0.009895001113470848,-0.2768983201087692,0.6552190854439386,15791.0
-0.7425543952003661,0.1735032936200612,0.2437133371290143,15793.0
0.8674402861122428,-1.046864964421121,-0.12477703061771797,15795.0
-2.6360550670182628,1.2630349685159339,1.0721177275154974,15796.0
0.6693903073076132,0.49306832420358254,0.9070747777996249,15797.0
0.3920448130942733,0.1735032936200612,0.17299371684442222,15799.0
0.6312420213970147,-0.2768983201087692,-0.015429835110224326,15800.0
0.040976198299957974,0.1735032936200612,0.32152464432402567,15801.0
0.8340244897418808,-1.046864964421121,-0.36633536440984515,15802.0
0.11312383446744997,-1.046864964421121,-0.43224197794850405,15803.0
-2.6360550670182628,1.8023501878361203,1.4243981558459538,15804.0
-0.4436804936346096,2.100345083207834,1.6436769897333556,15805.0
0.040976198299957974,0.1735032936200612,0.07714380872243945,15806.0
0.09927760367238778,0.1735032936200612,0.1907275072695899,15807.0
1.3659432088418726,0.49306832420358254,1.3290311339562653,15808.0
-0.13041631826941766,0.7409422191338733,-0.2594168323148998,15809.0
0.41911445707406475,0.49306832420358254,0.5371374511280622,15810.0
-0.4747616908210964,0.9434699379324127,0.9111425310035937,15811.0
0.6312420213970147,0.7409422191338733,0.7438877465175735,15812.0
1.0960145732175521,-0.2768983201087692,0.4846984300426222,15813.0
-0.6550388479724051,0.49306832420358254,0.8056753900806407,15814.0
0.2718850845891419,0.7409422191338733,0.8672861708139264,15815.0
0.08515163220306504,0.49306832420358254,0.7890567244419207,15819.0
1.3972230739671836,-1.046864964421121,-0.9919602986499201,15820.0
0.009895001113470848,-0.2768983201087692,-0.17785505003291271,15821.0
-1.867892384578408,-0.2768983201087692,0.17419971970959666,15822.0
1.5025053942772697,-1.046864964421121,-3.0976902340390846,15823.0
0.9631338424259281,-1.046864964421121,-0.23314273061971222,15825.0
0.17851835839610394,0.1735032936200612,0.6756623673925465,15826.0
0.36388482734386973,1.8846713286216876,0.7593070218421251,15827.0
0.5769069821240461,-0.2768983201087692,-0.09112533662113718,15829.0
-0.09261187884029425,-1.046864964421121,-0.1708039116153661,15830.0
0.2030546234958319,0.1735032936200612,0.09452253908276496,15831.0
1.2357144261810717,-1.046864964421121,0.12883254532679975,15832.0
0.3345429639050105,0.49306832420358254,0.9165953807717064,15834.0
0.009895001113470848,0.49306832420358254,0.2340839530784573,15835.0
0.09927760367238778,-1.046864964421121,-1.3208640928562005,15836.0
0.28272579485732363,-1.046864964421121,-0.47961190509469875,15837.0
-0.9594183827556639,2.2238975283871487,2.8959761754545283,15838.0
-0.19125570031580894,0.1735032936200612,0.3097808877179977,15839.0
0.215007253117324,-0.2768983201087692,-0.5578509709315754,15840.0
0.36388482734386973,0.49306832420358254,0.4339968280509284,15841.0
1.3613581969634085,-1.046864964421121,-1.4363770240232903,15843.0
0.040976198299957974,-1.046864964421121,-1.3605524611824409,15844.0
-0.6150730102039852,1.2630349685159339,1.3240319700076189,15845.0
-0.09261187884029425,-0.2768983201087692,-0.48517805864866137,15847.0
-0.5772685707748618,-0.2768983201087692,-0.8770580958533302,15850.0
1.0215978362901939,-0.2768983201087692,-1.1949622391156147,15852.0
0.1267011893484174,-1.046864964421121,-1.4933224091819033,15853.0
-1.666741683149128,1.7134365822447646,1.1464137934250278,15854.0
0.8040536815548137,0.7409422191338733,-0.0004668872900869123,15855.0
-1.666741683149128,2.614239809702425,2.5154791991671654,15856.0
-0.5772685707748618,-1.046864964421121,-0.7022368390872339,15857.0
-0.697428299279993,0.7409422191338733,0.5637076640315014,15858.0
-0.03948163559265158,1.2630349685159339,0.2532942031083866,15860.0
-0.8985790007092727,1.2630349685159339,1.1962698915822843,15861.0
-1.1820849912145606,0.49306832420358254,0.12507485412495897,15862.0
-0.35795550258615016,-0.2768983201087692,-1.8751770177815383,15863.0
-0.4747616908210964,0.9434699379324127,0.8019507580118336,15864.0
-0.03948163559265158,0.1735032936200612,0.18290512908531548,15865.0
0.5908916844129738,-1.046864964421121,-0.905503913176871,15866.0
-1.5107170776402215,1.9613104771750551,1.3455444147442865,15867.0
1.2963243703891492,-0.2768983201087692,-1.2522226339939293,15869.0
-0.19125570031580894,-1.046864964421121,-0.5611748707783025,15870.0
-0.7425543952003661,-0.2768983201087692,-0.5458242712850027,15872.0
0.2718850845891419,1.1147046843093364,1.4615735314619738,15874.0
-2.151398375083695,-0.2768983201087692,-0.2951871567636268,15877.0
1.4968437292870584,-1.046864964421121,-0.5860503469170181,15880.0
1.37952056372284,0.7409422191338733,-0.2821036055278401,15881.0
1.0650861591204936,0.49306832420358254,-0.2584995736181023,15882.0
-2.151398375083695,-0.2768983201087692,-0.4704536709168137,15883.0
0.5331920104081352,0.1735032936200612,-0.5058889260091046,15885.0
0.22675898866876867,-1.046864964421121,-1.0991718880939778,15886.0
0.43659566274115785,-1.046864964421121,-1.15789051936205,15888.0
0.8993316940568102,-0.2768983201087692,-0.37446315913209716,15889.0
1.1571340320976455,-1.046864964421121,-0.2459198073280227,15891.0
1.2329561906279893,-0.2768983201087692,-0.7981045241669116,15894.0
0.8674402861122428,-1.046864964421121,-1.1077238050808897,15895.0
1.0472935500671874,-0.2768983201087692,-0.9355733646647948,15897.0
-2.6360550670182628,0.7409422191338733,0.5353486711334725,15898.0
1.4968437292870584,-1.046864964421121,-2.0372274720137273,15899.0
-0.41392230877470515,-1.046864964421121,-0.5679556675175839,15900.0
-0.6550388479724051,0.1735032936200612,-0.5392933504696338,15901.0
-1.0260603857056536,1.1147046843093364,1.5831512235286629,15903.0
-1.1820849912145606,-1.046864964421121,-1.1753836209620356,15904.0
-0.5414036937710863,1.1147046843093364,0.6325132929085695,15906.0
-1.666741683149128,0.1735032936200612,0.2452407160776936,15907.0
0.9712173059356872,-1.046864964421121,-1.052486317085883,15909.0
-2.6360550670182628,1.2630349685159339,0.43930153005904177,15910.0
0.9871091674185659,-0.2768983201087692,-0.7948537647987678,15912.0
-0.697428299279993,1.2630349685159339,0.6119864118781044,15916.0
1.2189994037719827,-1.046864964421121,-1.4088626427778757,15917.0
1.0363965221471698,-0.2768983201087692,-0.6074858105973956,15918.0
-0.5414036937710863,-0.2768983201087692,-0.08640964047538444,15919.0
0.8858416587895677,0.49306832420358254,-1.1617610135269703,15920.0
0.9671872555515091,-1.046864964421121,-0.6031765334364829,15921.0
1.5043824740783878,-1.046864964421121,-0.5269966120281778,15922.0
1.5043824740783878,-1.046864964421121,-1.3833332017518394,15923.0
1.0472935500671874,-1.046864964421121,-0.9913016005145465,15925.0
0.3039156530090395,-1.046864964421121,-0.4116508765475333,15930.0
-1.666741683149128,1.2630349685159339,1.0056165566155342,15932.0
-0.5072890349677437,0.1735032936200612,0.3536819434009033,15933.0
1.1931529035533128,-0.2768983201087692,-0.4302378307672037,15935.0
0.2718850845891419,-1.046864964421121,-1.275560159134055,15937.0
0.6631750503306709,0.7409422191338733,-0.4542277649310201,15938.0
0.5102649791740564,1.8846713286216876,1.6908130857586088,15939.0
1.3772759011016957,-1.046864964421121,-2.399759435055064,15940.0
0.7885723449436071,-1.046864964421121,-0.5998170254860836,15942.0
1.2963243703891492,-1.046864964421121,-0.6297071320691974,15944.0
1.4892228167219115,-1.046864964421121,-1.0995707294353205,15945.0
0.4536504547307643,-1.046864964421121,0.7014002663884242,15947.0
-1.1820849912145606,-0.2768983201087692,0.23505042908570495,15948.0
-0.6550388479724051,-0.2768983201087692,-0.5374433812938946,15949.0
-0.21277160734542533,0.49306832420358254,0.7278573613672501,15950.0
-1.0997297021385526,-0.2768983201087692,-0.005008105646327798,15951.0
-0.1703821560378375,0.49306832420358254,0.09932147984393454,15952.0
-0.7425543952003661,1.2630349685159339,0.678117475393959,15953.0
-0.41392230877470515,1.8846713286216876,1.4634615132001196,15955.0
-0.21277160734542533,-1.046864964421121,-0.4074119736970569,15957.0
0.3733980598894307,-1.046864964421121,-1.541442086049462,15958.0
-0.5414036937710863,-0.2768983201087692,-0.33267811392640706,15963.0
-0.6550388479724051,0.49306832420358254,0.13727336171583251,15965.0
-0.4436804936346096,-0.2768983201087692,-0.4264551820993741,15967.0
-1.867892384578408,0.1735032936200612,-0.05420194385088754,15969.0
1.3613581969634085,-1.046864964421121,-0.6573239080526128,15970.0
-0.6150730102039852,1.7134365822447646,1.4231497659885735,15971.0
1.4930436557705435,-1.046864964421121,-0.6735276031553997,15973.0
-0.07444951208086271,1.1147046843093364,1.2635274306373683,15974.0
0.4620243489013911,-1.046864964421121,-0.5237245554680312,15975.0
0.9340822890622325,-0.2768983201087692,-0.40358622648212716,15976.0
-0.6550388479724051,-0.2768983201087692,0.3145416373410507,15977.0
0.40118496685500016,-1.046864964421121,0.3473688328805195,15978.0
0.5024524754839983,0.1735032936200612,0.9738098415348626,15980.0
-0.38537908826217976,1.2630349685159339,1.2556408221472728,15981.0
-0.4747616908210964,0.49306832420358254,0.5836269985308745,15983.0
-1.867892384578408,1.510908863446225,1.1085902467775937,15984.0
0.7286810468472031,-0.2768983201087692,0.37861762284861095,15985.0
-0.2578977032657986,-1.046864964421121,-1.1587967382550883,15986.0
-0.8985790007092727,0.9434699379324127,0.34675524215892145,15987.0
-0.5772685707748618,-1.046864964421121,-1.2084544351002915,15988.0
0.009895001113470848,-0.2768983201087692,0.08480729079188415,15990.0
-1.666741683149128,-1.046864964421121,-2.271803563626177,15992.0
-1.0997297021385526,1.1147046843093364,1.0971716308133355,15993.0
0.1659196066223777,-1.046864964421121,-0.4108238458799269,15994.0
0.4945516930480387,0.9434699379324127,0.31905497409351724,15996.0
-0.11125863204513715,0.7409422191338733,1.176929791058973,15998.0
-0.2578977032657986,0.7409422191338733,1.079132030932462,16003.0
-0.8985790007092727,0.49306832420358254,-0.11773202456148185,16005.0
1.1060273238792346,-1.046864964421121,-1.5644504699474202,16006.0
0.07073438315986244,0.49306832420358254,0.698435858766976,16007.0
-0.41392230877470515,0.1735032936200612,-0.31912479642964997,16008.0
-0.4747616908210964,0.49306832420358254,0.26592021668814136,16009.0
1.2133377387817708,0.1735032936200612,-0.4484579738366812,16010.0
-1.1820849912145606,2.033001612828286,1.2447941451531621,16011.0
-0.15011372802955736,0.1735032936200612,0.5504616851234464,16012.0
-1.666741683149128,3.10503958666287,2.8977171417570338,16013.0
-0.09261187884029425,0.1735032936200612,-0.058695221289787686,16014.0
-1.666741683149128,0.1735032936200612,-0.008220520221071496,16015.0
-1.867892384578408,1.2630349685159339,0.6017725834397882,16016.0
0.056013590892448804,-1.046864964421121,-0.9731878387640005,16017.0
-0.07444951208086271,-0.2768983201087692,-0.44570628294680464,16018.0
0.056013590892448804,1.3938715516612432,1.339969602200335,16019.0
-0.6550388479724051,0.1735032936200612,0.14235212130261235,16020.0
1.2520391787264589,-1.046864964421121,-0.10110029205778473,16022.0
0.040976198299957974,0.1735032936200612,0.008015457541037952,16023.0
-0.8985790007092727,-1.046864964421121,-0.8364827532531528,16024.0
-0.2578977032657986,-1.046864964421121,-0.3875136120503489,16025.0
-0.006179541443206692,-1.046864964421121,-0.8863831079465987,16026.0
0.5256328902345255,0.9434699379324127,0.2175418685017409,16027.0
-0.07444951208086271,3.519604961680146,3.4246144568554864,16029.0
1.3750240092808892,-1.046864964421121,-0.6146955540218263,16030.0
0.5256328902345255,-0.2768983201087692,-0.2094100531891487,16031.0
-1.3832356926438403,2.2808755077585765,2.0181173432799886,16033.0
1.0544650160721998,0.1735032936200612,-0.39109831475913287,16034.0
0.48656061400111966,-0.2768983201087692,0.050465136383424924,16036.0
1.2784276616139119,0.1735032936200612,0.14612378263411321,16037.0
-1.1820849912145606,0.1735032936200612,-0.33094161414941115,16038.0
0.28272579485732363,0.1735032936200612,0.4906082346825839,16040.0
0.8241762733323041,-0.2768983201087692,0.6955361600154225,16041.0
-0.4747616908210964,0.7409422191338733,0.4162422386219819,16042.0
-0.09261187884029425,0.49306832420358254,0.06624069575436609,16043.0
0.7114156806033363,0.49306832420358254,0.5070223445477863,16045.0
1.5043824740783878,-0.2768983201087692,-0.8200465063011693,16048.0
-0.056747001836518776,0.1735032936200612,0.356812751146242,16049.0
0.9712173059356872,-1.046864964421121,-1.317774567925635,16050.0
0.1530896722358701,-1.046864964421121,-0.5433163108125862,16052.0
-0.19125570031580894,-0.2768983201087692,0.5723043601925534,16053.0
0.843735920939306,-1.046864964421121,0.07644813734487468,16054.0
1.1384040245251397,-1.046864964421121,-1.3360164416512474,16055.0
0.025608287239488887,-1.046864964421121,-0.055708976220978576,16056.0
-0.697428299279993,1.1147046843093364,0.9270756869298773,16057.0
0.2934009916187583,0.9434699379324127,0.5753382894698406,16059.0
-1.0260603857056536,0.49306832420358254,0.3864449988826224,16062.0
1.2520391787264589,-1.046864964421121,-0.6048735406876985,16063.0
1.4892228167219115,-1.046864964421121,-0.5213924349997882,16065.0
-0.6550388479724051,0.7409422191338733,0.6087139769171311,16066.0
-0.4747616908210964,-0.2768983201087692,0.14342616919700577,16070.0
0.025608287239488887,-1.046864964421121,-0.6268986495462047,16071.0
1.323553757534285,-1.046864964421121,-0.1592978373682691,16072.0
1.3450696645639013,-1.046864964421121,-1.413437967275724,16073.0
-1.867892384578408,1.510908863446225,0.9169472979322421,16076.0
1.3137744120241468,-1.046864964421121,-1.7626996011125915,16078.0
-0.6550388479724051,0.1735032936200612,0.5137562529288856,16079.0
0.445175056341916,-0.2768983201087692,-0.9534394237456677,16080.0
0.17851835839610394,0.7409422191338733,1.099842924740385,16081.0
0.5908916844129738,-0.2768983201087692,0.49309033898568344,16083.0
1.3497623788629358,-1.046864964421121,-0.39388935698216776,16084.0
-0.4436804936346096,0.7409422191338733,0.25681686512092167,16085.0
0.215007253117324,0.7409422191338733,0.36371076971653615,16086.0
0.8903673173463216,-0.2768983201087692,-0.6548754952204381,16091.0
0.6816574957434322,0.1735032936200612,0.11047402817637829,16092.0
0.6312420213970147,-1.046864964421121,-2.9972701350572977,16093.0
-0.8985790007092727,0.49306832420358254,0.33222141932525406,16094.0
1.2627143754878933,-1.046864964421121,-0.6408402016931938,16096.0
1.1960723725379039,-1.046864964421121,-1.0818163083962207,16097.0
0.4945516930480387,1.1147046843093364,0.8301672960683419,16098.0
0.09927760367238778,0.1735032936200612,0.021379278663702785,16099.0
0.3444610281550118,-1.046864964421121,0.4765286819945994,16101.0
-0.022632343033176155,0.1735032936200612,0.7619463358621748,16102.0
-1.275451717407599,0.9434699379324127,0.5585555915642955,16103.0
0.24968601990284747,-1.046864964421121,-0.6878864792031046,16104.0
1.2218131371706191,-1.046864964421121,-0.6009591091768628,16105.0
0.2934009916187583,-1.046864964421121,-1.5110400654884815,16106.0
-0.6150730102039852,1.1147046843093364,1.2060446171347727,16107.0
0.47029914140563667,-1.046864964421121,0.1342886948170744,16108.0
1.132047509783725,-0.2768983201087692,-0.12232128139236687,16109.0
0.025608287239488887,0.1735032936200612,0.5050930857068429,16110.0
0.8340244897418808,0.49306832420358254,-1.036757419318885,16112.0
1.0064791541776454,-1.046864964421121,-1.1916243464413319,16113.0
0.9590567941048489,-1.046864964421121,-1.3303819851219043,16114.0
-1.0260603857056536,1.2630349685159339,0.6822600450829187,16115.0
1.1093332960238163,-1.046864964421121,-0.1211420440178187,16116.0
1.0327261105377474,-1.046864964421121,-0.899678210335478,16117.0
-1.1820849912145606,-0.2768983201087692,-0.41782407529710064,16119.0
0.215007253117324,0.49306832420358254,0.4879100838807145,16120.0
0.1908941116649935,-0.2768983201087692,0.15738905468437683,16121.0
0.36388482734386973,0.49306832420358254,-0.03243360592668051,16122.0
0.1267011893484174,-1.046864964421121,-0.6736318674384953,16123.0
1.390637042799955,-1.046864964421121,-0.8436680827123691,16124.0
1.4930436557705435,-1.046864964421121,-0.723173302856905,16125.0
-0.28160206843873536,0.49306832420358254,1.746929593314171,16126.0
-0.07444951208086271,-1.046864964421121,-0.06615480911750705,16127.0
-0.6150730102039852,0.7409422191338733,0.7783623568487694,16128.0
0.1267011893484174,0.9434699379324127,1.2783971269809844,16131.0
-1.666741683149128,2.837150248250268,2.422208183585616,16133.0
-0.4747616908210964,-0.2768983201087692,-0.11421960387449136,16134.0
1.2600608170621215,-1.046864964421121,-0.256652693959761,16135.0
0.22675898866876867,0.1735032936200612,-0.00369506381480167,16136.0
-0.5772685707748618,0.1735032936200612,-0.09204655723247131,16139.0
0.2934009916187583,-0.2768983201087692,0.01397874334107257,16140.0
0.4945516930480387,-1.046864964421121,-0.11122669041126097,16141.0
1.2246155930504292,-1.046864964421121,-0.2295377655972881,16142.0
-1.867892384578408,0.9434699379324127,0.9824853853228568,16143.0
1.2161743017226836,-1.046864964421121,-1.125701164809888,16144.0
-1.0997297021385526,1.6167819902090863,1.3427724087253259,16145.0
0.8993316940568102,0.1735032936200612,0.02382010297927609,16146.0
0.7885723449436071,-1.046864964421121,-0.5151421986152023,16147.0
1.3427114437585652,-1.046864964421121,-1.7924183192652572,16148.0
-1.5107170776402215,-0.2768983201087692,-0.7480386112147253,16149.0
-0.006179541443206692,0.7409422191338733,0.8489042515907308,16150.0
1.2758331806927994,-1.046864964421121,0.7562204637882409,16152.0
0.09927760367238778,0.7409422191338733,0.7541077642497277,16153.0
-1.0997297021385526,1.3938715516612432,1.1852138819030522,16156.0
-0.697428299279993,0.1735032936200612,-0.06561705716779838,16157.0
1.3088329652668718,-1.046864964421121,-0.5746329528957663,16159.0
0.28272579485732363,-0.2768983201087692,0.29194606077801016,16160.0
-2.151398375083695,2.2238975283871487,1.6504804870789147,16161.0
1.2301870313412464,-1.046864964421121,-2.3646800266434007,16162.0
1.172368007364967,-0.2768983201087692,0.14760501788327826,16163.0
-0.6550388479724051,0.1735032936200612,0.11499345573162283,16164.0
-0.9594183827556639,2.614239809702425,1.3402577378318374,16168.0
-1.1820849912145606,0.49306832420358254,0.7535534128303335,16169.0
0.11312383446744997,0.9434699379324127,0.780420736242695,16170.0
0.215007253117324,-1.046864964421121,-1.8259065753477226,16171.0
0.5480694186031799,0.7409422191338733,0.37706405197935594,16172.0
-0.697428299279993,0.9434699379324127,0.5521775255589001,16173.0
0.7455303394066789,0.1735032936200612,0.27941624674899257,16174.0
0.5406702828270163,0.49306832420358254,0.30139645523937214,16175.0
0.09927760367238778,-1.046864964421121,-0.6129776664954454,16177.0
0.8091388807398133,-1.046864964421121,-1.0279523441562057,16178.0
0.23831647173779008,-1.046864964421121,-0.958368315961288,16179.0
0.5839342956069556,1.2630349685159339,2.1393243147813865,16180.0
0.36388482734386973,-1.046864964421121,-0.6794923989171594,16181.0
0.3542403736651499,0.49306832420358254,1.7879549756542814,16182.0
0.3039156530090395,-1.046864964421121,-0.5968030802283247,16183.0
0.2718850845891419,0.9434699379324127,0.3900325707402176,16184.0
-0.6550388479724051,-0.2768983201087692,-0.2384746412589044,16185.0
-0.4436804936346096,1.7134365822447646,1.3854242135227568,16186.0
-0.21277160734542533,1.9613104771750551,1.8228056257119352,16187.0
0.025608287239488887,0.49306832420358254,0.25710291388710166,16188.0
-0.697428299279993,-0.2768983201087692,-0.9596704413082111,16189.0
-0.056747001836518776,-1.046864964421121,-0.9611611768862768,16190.0
-1.867892384578408,1.8023501878361203,1.5915206038782366,16191.0
1.18727713951392,-1.046864964421121,-0.6564303918356813,16193.0
0.3827835941776752,-1.046864964421121,-0.46199728412098684,16198.0
-1.666741683149128,-0.2768983201087692,0.3339978562470512,16200.0
-1.867892384578408,0.49306832420358254,0.7711828930390178,16201.0
1.4815179254685393,-1.046864964421121,-0.536234398718764,16202.0
0.215007253117324,0.49306832420358254,-0.14760253305153628,16203.0
-0.4436804936346096,-1.046864964421121,-0.45199001049625853,16204.0
-0.2349706720317201,0.49306832420358254,0.05306158881976831,16205.0
0.1659196066223777,0.49306832420358254,-0.22696413509776134,16206.0
-0.38537908826217976,-1.046864964421121,-0.4747145075761699,16207.0
0.025608287239488887,-0.2768983201087692,-0.056421280076785804,16208.0
0.5024524754839983,0.7409422191338733,0.30496862612974884,16209.0
-2.151398375083695,2.1638381959735944,1.9470153084229385,16210.0
0.5024524754839983,-1.046864964421121,-0.21222118461353964,16211.0
-0.5772685707748618,-0.2768983201087692,-0.025523707166122407,16212.0
0.41911445707406475,-1.046864964421121,-1.2035448260659127,16213.0
0.9590567941048489,0.1735032936200612,0.3206192260789239,16214.0
0.43659566274115785,-1.046864964421121,-0.8653866606016641,16215.0
1.2706151579238536,-1.046864964421121,0.20045862906352552,16216.0
1.1813515802704906,-0.2768983201087692,-0.6828869647901861,16217.0
-0.2578977032657986,1.1147046843093364,1.1755550604149743,16218.0
-0.11125863204513715,0.1735032936200612,0.15530448423057594,16221.0
1.3928392865291042,-1.046864964421121,0.13829737418067992,16222.0
0.1908941116649935,0.49306832420358254,0.47938301046803683,16224.0
0.025608287239488887,0.7409422191338733,0.34557056180110785,16225.0
1.0790012811719285,0.1735032936200612,-0.8241870035178787,16226.0
1.1509462766175307,-1.046864964421121,-0.6570174475228003,16227.0
0.48656061400111966,-0.2768983201087692,0.2802502733470375,16229.0
1.0327261105377474,-0.2768983201087692,-0.2195735984930101,16230.0
0.009895001113470848,0.49306832420358254,0.2644398357531679,16232.0
0.3444610281550118,0.1735032936200612,-0.22753201783008017,16233.0
-0.03948163559265158,0.7409422191338733,0.15757408798907754,16235.0
0.41020717985370486,-1.046864964421121,-0.4012438117492458,16236.0
0.1908941116649935,-0.2768983201087692,-0.4353738296514166,16239.0
-0.41392230877470515,-0.2768983201087692,1.3255500949142207,16240.0
-1.0260603857056536,1.8023501878361203,1.040835262214875,16241.0
-1.1820849912145606,1.1147046843093364,1.300216302439308,16242.0
-0.1703821560378375,-0.2768983201087692,-0.4453139535222169,16243.0
1.1093332960238163,-0.2768983201087692,0.6091777694679777,16244.0
-0.41392230877470515,0.1735032936200612,0.5495371220126734,16245.0
0.9549558333402042,-1.046864964421121,-1.4665476548558833,16247.0
0.24968601990284747,-1.046864964421121,-1.234721543034966,16248.0
0.14001991215468154,0.7409422191338733,0.7434109758551753,16249.0
1.254723296440975,-0.2768983201087692,-0.48482775282516694,16250.0
0.3039156530090395,-0.2768983201087692,1.3179763180941022,16253.0
-0.6550388479724051,1.2630349685159339,1.0445308551866832,16255.0
1.2706151579238536,-1.046864964421121,0.04357454500239618,16256.0
0.9831699355571787,-1.046864964421121,-2.182223871064242,16257.0
0.025608287239488887,0.7409422191338733,1.5303642949567502,16258.0
0.11312383446744997,-1.046864964421121,0.29973999724869727,16260.0
-0.6550388479724051,0.49306832420358254,0.03758095166225082,16261.0
-1.0997297021385526,1.3938715516612432,1.6317643047670296,16265.0
0.3733980598894307,1.1147046843093364,0.15254453182058125,16266.0
0.3444610281550118,-0.2768983201087692,-0.05233714650707955,16268.0
1.465848657838931,-1.046864964421121,0.3777884887394494,16270.0
-1.867892384578408,0.7409422191338733,0.5583310802416717,16271.0
0.6937131703589926,-1.046864964421121,-0.4402310527278748,16272.0
1.5043824740783878,-1.046864964421121,-0.5524760306712085,16274.0
1.058023353553316,-1.046864964421121,-0.19359206395022305,16275.0
0.9831699355571787,-1.046864964421121,0.10332023165358858,16276.0
0.5839342956069556,-1.046864964421121,-0.18431682296505017,16278.0
-0.5072890349677437,0.1735032936200612,0.6022085165786436,16279.0
0.3542403736651499,-1.046864964421121,0.8524292995262758,16281.0
1.4396125252747718,-1.046864964421121,-1.1579381895832275,16282.0
-1.3832356926438403,0.7409422191338733,0.6341084622157895,16283.0
-0.2349706720317201,-0.2768983201087692,0.11644560754396828,16284.0
0.9549558333402042,-1.046864964421121,-1.2914480774640746,16287.0
0.7229731636723576,-1.046864964421121,-0.6881784178189927,16292.0
-0.4747616908210964,1.510908863446225,0.9220506635875975,16293.0
-1.0260603857056536,0.49306832420358254,0.4997182866577624,16295.0
1.2758331806927994,-1.046864964421121,-0.6891080207701397,16297.0
-0.4436804936346096,0.1735032936200612,-0.14046242651424942,16298.0
0.7510577342465041,-1.046864964421121,-0.8961961053321723,16302.0
-0.35795550258615016,0.1735032936200612,1.618940530112185,16303.0
0.8141873633650334,-1.046864964421121,-0.5451798872287198,16305.0
1.1158987133315823,0.9434699379324127,-0.0960211723342625,16306.0
0.6246766040892487,-0.2768983201087692,-0.006879504418905889,16309.0
-0.6150730102039852,-0.2768983201087692,-0.11659856457213712,16311.0
-1.867892384578408,-0.2768983201087692,-0.7664674525026979,16313.0
1.4208546007832665,-1.046864964421121,-0.9201141869631033,16315.0
0.2718850845891419,1.2630349685159339,1.1367157302446613,16316.0
0.7114156806033363,0.1735032936200612,0.5075906507019403,16317.0
-0.15011372802955736,-1.046864964421121,-0.6222151322642768,16318.0
1.1288474501660841,-1.046864964421121,-0.4545847983822701,16319.0
0.9631338424259281,-0.2768983201087692,0.30206889850683305,16320.0
0.3542403736651499,0.7409422191338733,-0.5180357392853274,16321.0
-2.6360550670182628,-0.2768983201087692,-0.62564539896528,16322.0
1.0544650160721998,-1.046864964421121,-0.9899471577471849,16323.0
0.7565417765237095,0.1735032936200612,-0.4078049115829423,16324.0
0.056013590892448804,0.1735032936200612,-0.14579128794586857,16325.0
-1.3832356926438403,1.8846713286216876,1.1823614369530953,16326.0
-0.7907950254730315,0.9434699379324127,1.3521625869365659,16327.0
-0.6150730102039852,0.1735032936200612,-0.8343460128452717,16330.0
-0.3061383335384639,1.1147046843093364,0.645463737736148,16332.0
-1.1820849912145606,2.100345083207834,1.9104558159800848,16333.0
-0.11125863204513715,-1.046864964421121,-1.244698136680624,16337.0
0.8993316940568102,-1.046864964421121,-0.9622063423083063,16338.0
1.3137744120241468,-1.046864964421121,-1.4995010726392533,16339.0
0.6312420213970147,-1.046864964421121,-0.2092200717209737,16340.0
-0.38537908826217976,0.49306832420358254,0.8165473038409217,16341.0
0.3827835941776752,0.49306832420358254,-0.6363733956153791,16342.0
-0.697428299279993,-0.2768983201087692,-0.5248715063663109,16343.0
0.9037711490086323,-1.046864964421121,-1.5668276973378312,16344.0
0.009895001113470848,-1.046864964421121,-0.17162614713396251,16345.0
-0.9594183827556639,-0.2768983201087692,0.17617256379706375,16347.0
-0.21277160734542533,1.1147046843093364,0.5805915507920871,16348.0
1.330799540572475,-1.046864964421121,-2.077442952413773,16349.0
-0.5072890349677437,0.49306832420358254,0.3601829444246643,16350.0
1.4250667328345732,-1.046864964421121,-1.2297011830810263,16351.0
-0.6150730102039852,-0.2768983201087692,-0.2933026464361091,16352.0
-1.666741683149128,2.4361268552231152,1.7949633809251038,16353.0
0.2608736474721113,-0.2768983201087692,-0.4718308946784252,16354.0
1.0615636740586136,0.1735032936200612,-0.9736044775190367,16356.0
-0.19125570031580894,0.1735032936200612,-0.0629458674439399,16357.0
-2.6360550670182628,0.49306832420358254,0.83886861324422,16358.0
-1.275451717407599,1.3938715516612432,0.7211995729670393,16359.0
-1.5107170776402215,0.9434699379324127,1.2797664992692934,16360.0
-1.0260603857056536,0.49306832420358254,0.18427531219160295,16361.0
-0.21277160734542533,0.7409422191338733,0.024519239439430608,16362.0
0.14001991215468154,-1.046864964421121,-1.5038179409972632,16363.0
-0.8985790007092727,-0.2768983201087692,-0.006345994564245584,16364.0
-0.6150730102039852,1.3938715516612432,0.6184342192095312,16365.0
-0.5772685707748618,-1.046864964421121,-0.6242960445870981,16366.0
-0.11125863204513715,-0.2768983201087692,0.09724978377500394,16367.0
-2.151398375083695,-0.2768983201087692,-0.28846546998783207,16368.0
-0.6150730102039852,0.1735032936200612,0.6253006852740243,16369.0
0.445175056341916,0.49306832420358254,0.49487854383062,16370.0
-0.19125570031580894,-0.2768983201087692,-0.5304128938315703,16372.0
0.2934009916187583,-0.2768983201087692,-0.32881866317140823,16374.0
-1.0997297021385526,-0.2768983201087692,0.26130016892025604,16376.0
1.2706151579238536,-1.046864964421121,-1.5273426468224929,16377.0
1.2161743017226836,0.1735032936200612,-0.5413465186340787,16378.0
-1.666741683149128,0.49306832420358254,0.8886925207851536,16379.0
0.23831647173779008,-1.046864964421121,0.7346811750701536,16380.0
0.3827835941776752,-0.2768983201087692,-0.05148439428171426,16383.0
0.5102649791740564,-0.2768983201087692,-0.15905072239854773,16384.0
0.22675898866876867,0.1735032936200612,-0.19931591477767957,16385.0
-0.28160206843873536,-0.2768983201087692,-0.6494443188589258,16386.0
1.403747648270996,-1.046864964421121,-1.622181620387713,16387.0
0.14001991215468154,0.49306832420358254,0.4972505764238618,16389.0
1.2784276616139119,-1.046864964421121,-0.9386867597154215,16392.0
-2.151398375083695,1.8023501878361203,1.1654862412101996,16393.0
0.1908941116649935,0.7409422191338733,0.6261677724888495,16394.0
0.23831647173779008,0.7409422191338733,0.5900630517405911,16395.0
0.8858416587895677,-0.2768983201087692,0.7002534458139069,16398.0
-0.5772685707748618,-0.2768983201087692,-0.4463540462195578,16399.0
0.5480694186031799,-1.046864964421121,-0.6837312556054921,16400.0
-2.6360550670182628,1.7134365822447646,1.4035158055343449,16401.0
1.265357901532723,-0.2768983201087692,-0.6952437827168977,16402.0
1.37952056372284,-1.046864964421121,-1.1152370447650932,16403.0
0.3345429639050105,-1.046864964421121,-0.3813510973625755,16404.0
1.3567429207610928,-0.2768983201087692,-1.1629593911318343,16405.0
-0.5772685707748618,-1.046864964421121,-1.183266064155834,16406.0
-0.8426121945207178,1.510908863446225,0.8772802769484618,16407.0
-0.13041631826941766,0.7409422191338733,0.8394145152010289,16409.0
-0.5772685707748618,-0.2768983201087692,-0.962766812926484,16411.0
0.1530896722358701,-1.046864964421121,-1.240565767186758,16412.0
0.1908941116649935,-1.046864964421121,-0.8022248316052071,16413.0
-0.4747616908210964,-0.2768983201087692,-1.3885905555460927,16414.0
0.009895001113470848,-1.046864964421121,-0.979002419767157,16415.0
-0.33156701969869745,0.1735032936200612,0.3120045606125493,16416.0
0.025608287239488887,0.1735032936200612,-0.04323206849425376,16418.0
0.6693903073076132,0.9434699379324127,0.24919504570442916,16419.0
-0.6550388479724051,3.3207133412490157,3.0604505446367853,16422.0
-0.38537908826217976,-1.046864964421121,-0.5794400084304364,16423.0
1.0363965221471698,-1.046864964421121,-1.343430929767562,16424.0
1.3567429207610928,-1.046864964421121,-0.6869847945034326,16425.0
-2.151398375083695,1.510908863446225,0.7902348342272061,16426.0
1.2600608170621215,-0.2768983201087692,-0.8696686865203181,16427.0
0.6246766040892487,-1.046864964421121,-0.7365944401921031,16429.0
0.1908941116649935,-1.046864964421121,-0.691903309670382,16430.0
1.112623710594867,0.1735032936200612,-0.08275678333622605,16431.0
0.2718850845891419,-1.046864964421121,-0.7285985914332678,16432.0
-0.3061383335384639,-1.046864964421121,-1.085248810933559,16433.0
-0.28160206843873536,1.1147046843093364,0.6089142838638711,16434.0
-1.3832356926438403,0.7409422191338733,0.09110290704102297,16438.0
-1.1820849912145606,0.7409422191338733,1.30851432435942,16440.0
0.3039156530090395,-0.2768983201087692,-0.5019857422778399,16441.0
-2.151398375083695,0.1735032936200612,-0.11590885001951888,16442.0
0.040976198299957974,0.49306832420358254,-0.06808880385760599,16444.0
-0.1703821560378375,-1.046864964421121,-0.9055735222049638,16445.0
1.089258851039665,-1.046864964421121,-4.416163929663869,16446.0
0.7989312278312977,-1.046864964421121,-0.8120458731229913,16447.0
1.0615636740586136,-1.046864964421121,-1.0653377677375875,16448.0
1.0615636740586136,-0.2768983201087692,-0.005608745882254895,16449.0
0.8674402861122428,-1.046864964421121,-0.6629117513895534,16450.0
0.4945516930480387,-1.046864964421121,-0.7877601423570667,16451.0
0.025608287239488887,-0.2768983201087692,-3.720709887135778,16454.0
0.2718850845891419,1.1147046843093364,0.7615281147309982,16455.0
0.5769069821240461,0.7409422191338733,0.8890531721918224,16456.0
1.1288474501660841,-1.046864964421121,-0.9866287778650737,16457.0
-1.867892384578408,2.1638381959735944,1.2729330051115981,16458.0
-0.3061383335384639,0.1735032936200612,0.10738778677889922,16460.0
0.9871091674185659,-1.046864964421121,-1.2427352563865954,16461.0
0.3733980598894307,0.1735032936200612,-1.328905786623956,16462.0
-0.5072890349677437,0.49306832420358254,0.5544821821055583,16463.0
-0.5414036937710863,0.1735032936200612,0.49129813966700747,16464.0
-0.1703821560378375,1.1147046843093364,0.6506139672823071,16466.0
0.3733980598894307,-1.046864964421121,-1.807486681672458,16468.0
-0.41392230877470515,0.49306832420358254,-0.07330192450018243,16469.0
0.1267011893484174,0.49306832420358254,0.05412518360446448,16470.0
1.2912575960004193,-1.046864964421121,-0.9287374670382366,16471.0
0.9340822890622325,0.1735032936200612,-0.6522060713970701,16473.0
-1.275451717407599,1.1147046843093364,0.7746327673858405,16474.0
0.4945516930480387,0.49306832420358254,-0.2162205572387624,16475.0
0.2718850845891419,1.1147046843093364,1.0051631748604646,16477.0
-0.38537908826217976,0.1735032936200612,-0.6152770812209699,16478.0
-1.0260603857056536,-0.2768983201087692,-0.6919566479005098,16479.0
0.3920448130942733,-1.046864964421121,0.06135384975438495,16480.0
-0.697428299279993,-1.046864964421121,-0.940756966539125,16482.0
1.0400477670289971,-1.046864964421121,-1.3093823918388092,16483.0
0.9712173059356872,-0.2768983201087692,-0.45478321897368423,16484.0
0.40118496685500016,-1.046864964421121,-0.5398006344230792,16485.0
-0.19125570031580894,0.1735032936200612,-0.28625881007318466,16488.0
0.056013590892448804,-1.046864964421121,0.020940676134101086,16491.0
0.42790969009804847,0.49306832420358254,0.5135366547922675,16493.0
1.3450696645639013,-1.046864964421121,0.1189344589341443,16494.0
-1.867892384578408,0.1735032936200612,-0.03244532854610492,16495.0
-1.0997297021385526,0.1735032936200612,0.6486401070620371,16496.0
0.09927760367238778,0.9434699379324127,1.143993482189993,16497.0
0.9169228559760545,-0.2768983201087692,-1.5678600206895192,16498.0
1.4795783630431916,-0.2768983201087692,-0.5358391270381366,16499.0
-1.5107170776402215,0.9434699379324127,-0.4616389390156384,16500.0
0.6312420213970147,0.49306832420358254,0.5598397108885923,16503.0
-0.38537908826217976,-1.046864964421121,-0.30979507528301503,16504.0
-0.21277160734542533,-1.046864964421121,0.06997410152406258,16505.0
-0.5414036937710863,-0.2768983201087692,-1.6574672098523684,16506.0
1.3450696645639013,-1.046864964421121,-0.5396903280150829,16509.0
1.5025053942772697,-1.046864964421121,-0.8465732650923337,16510.0
-0.4747616908210964,0.1735032936200612,0.23085674647195395,16511.0
-1.5107170776402215,0.49306832420358254,0.16428041720732706,16513.0
0.1267011893484174,0.7409422191338733,0.6623710172967373,16515.0
-0.2578977032657986,-1.046864964421121,-1.562080265395572,16516.0
1.2963243703891492,-1.046864964421121,-1.1850885535246793,16517.0
0.23831647173779008,-0.2768983201087692,-0.30989446378203245,16518.0
-0.38537908826217976,-0.2768983201087692,-0.9611611768862768,16519.0
1.0178487023427027,0.1735032936200612,0.3083103401888016,16520.0
-2.151398375083695,2.3350729423505183,2.07111740650613,16523.0
-2.151398375083695,2.572316832148472,2.33137673637064,16525.0
0.9631338424259281,-1.046864964421121,-0.720377637390459,16526.0
0.43659566274115785,-1.046864964421121,-0.9141466393457737,16527.0
-1.666741683149128,-1.046864964421121,-0.858595732828835,16528.0
1.0327261105377474,-1.046864964421121,-0.35955697848046114,16529.0
-0.4747616908210964,1.1147046843093364,0.4473416757420528,16531.0
-0.5772685707748618,0.1735032936200612,0.3450141824336435,16533.0
-1.5107170776402215,-1.046864964421121,-0.14645313478694957,16535.0
0.6505762985569453,-1.046864964421121,-0.20936620731885908,16536.0
-1.867892384578408,0.49306832420358254,0.535308233247299,16539.0
0.1530896722358701,-1.046864964421121,-1.4318705767446498,16542.0
0.9340822890622325,-1.046864964421121,-0.5954067433681418,16545.0
1.330799540572475,-0.2768983201087692,0.07976760280528142,16546.0
-1.0260603857056536,1.510908863446225,1.4144663024808382,16549.0
0.6441907582315165,0.7409422191338733,0.9396854937034442,16550.0
0.5553910750944296,0.1735032936200612,0.2067389857786901,16551.0
1.2047583451810127,-0.2768983201087692,-0.5050856398857984,16552.0
0.9255552101377914,1.7134365822447646,1.670975248979057,16553.0
-0.022632343033176155,0.1735032936200612,0.12912971806408172,16554.0
-0.15011372802955736,-0.2768983201087692,-0.73282506119244,16555.0
0.3039156530090395,1.1147046843093364,1.2330365216865158,16556.0
-0.41392230877470515,-0.2768983201087692,-0.744243674949776,16557.0
-2.6360550670182628,2.2808755077585765,1.9734032168501996,16558.0
-0.33156701969869745,-0.2768983201087692,0.13325001459236924,16560.0
-1.3832356926438403,-0.2768983201087692,-0.26668301273609823,16561.0
0.1530896722358701,-1.046864964421121,0.33185672621835266,16563.0
1.487304538959081,-1.046864964421121,-1.1325998630084717,16565.0
-0.7425543952003661,0.7409422191338733,-0.11868432575019126,16566.0
1.0472935500671874,-0.2768983201087692,0.1559906741946174,16567.0
-1.867892384578408,-1.046864964421121,-1.4017251511200435,16569.0
-0.7425543952003661,1.510908863446225,1.3297675985064592,16570.0
-0.33156701969869745,0.1735032936200612,0.5540816021601189,16571.0
0.7510577342465041,0.1735032936200612,0.27945598196715155,16572.0
0.47029914140563667,-0.2768983201087692,-0.05720675443631548,16573.0
0.3444610281550118,-1.046864964421121,-0.36629981898054587,16574.0
1.0064791541776454,-1.046864964421121,-1.5300669742526616,16581.0
0.6693903073076132,-1.046864964421121,-0.6585509221052543,16582.0
1.5062545282247615,-1.046864964421121,-0.8954052588834233,16583.0
0.42790969009804847,-0.2768983201087692,0.21879421059559076,16584.0
1.2218131371706191,-1.046864964421121,-0.344369125434632,16586.0
1.172368007364967,-1.046864964421121,-0.9244498754993601,16587.0
0.3444610281550118,0.1735032936200612,-0.35255580447903145,16589.0
0.32448218880524576,-1.046864964421121,-0.9670768114070624,16591.0
-1.666741683149128,2.033001612828286,1.406517157737814,16592.0
0.11312383446744997,0.1735032936200612,-0.6176317241454026,16593.0
0.3827835941776752,-1.046864964421121,-1.0991718880939778,16594.0
0.23831647173779008,-1.046864964421121,-0.5475377377064644,16595.0
-0.697428299279993,-0.2768983201087692,-0.8399711485707404,16596.0
-1.666741683149128,-1.046864964421121,-1.6597806366620254,16597.0
1.3186811816764483,-1.046864964421121,-1.2772178325693977,16598.0
-1.666741683149128,0.9434699379324127,0.10620518892715022,16600.0
-0.03948163559265158,-1.046864964421121,-0.8573165177979434,16601.0
-0.13041631826941766,-1.046864964421121,-0.24049277424708213,16602.0
0.3827835941776752,-0.2768983201087692,-0.3129650004604112,16603.0
-0.6150730102039852,1.8846713286216876,1.2412072683543751,16607.0
-0.7425543952003661,1.1147046843093364,1.6385785916604894,16609.0
1.132047509783725,-1.046864964421121,-1.7993867406707929,16610.0
1.0178487023427027,-1.046864964421121,-1.3682602564788224,16611.0
-0.19125570031580894,0.49306832420358254,0.4097764086174392,16612.0
0.3345429639050105,-1.046864964421121,-0.11357083968245231,16613.0
1.0064791541776454,-1.046864964421121,-0.27445928013717313,16614.0
-0.7425543952003661,-0.2768983201087692,-0.28365728235433807,16616.0
1.1843206369864592,-1.046864964421121,-1.2404600883592487,16617.0
-0.2349706720317201,0.7409422191338733,1.0529630322923165,16618.0
1.2627143754878933,-1.046864964421121,-0.9206814687277197,16619.0
-1.666741683149128,-0.2768983201087692,-1.1086647253463928,16620.0
0.1267011893484174,0.49306832420358254,0.10616573896243252,16621.0
1.2133377387817708,-1.046864964421121,-1.3685081327941622,16623.0
0.43659566274115785,-0.2768983201087692,0.1032905377785208,16624.0
1.2912575960004193,-1.046864964421121,-0.6102511269250083,16625.0
-2.6360550670182628,2.100345083207834,1.4628872221381852,16626.0
0.41911445707406475,-1.046864964421121,-0.6354034715148466,16627.0
-0.2578977032657986,0.7409422191338733,0.9000107140245175,16628.0
0.3733980598894307,-0.2768983201087692,-0.4285651216892642,16629.0
-0.6550388479724051,0.9434699379324127,1.1213332431504146,16633.0
1.1447032725898107,-0.2768983201087692,-0.9507100867394768,16634.0
-0.21277160734542533,0.49306832420358254,0.3870359347989255,16637.0
-0.4436804936346096,1.510908863446225,0.6883696273747407,16638.0
-0.2349706720317201,0.1735032936200612,0.4556275033138703,16639.0
0.6246766040892487,-1.046864964421121,-0.9035225903985852,16641.0
-1.5107170776402215,-0.2768983201087692,-0.027863138057853832,16642.0
1.2133377387817708,-1.046864964421121,-0.30462730849989805,16643.0
0.9871091674185659,-0.2768983201087692,0.12594135642506962,16644.0
0.9549558333402042,-0.2768983201087692,-0.96497513723267,16647.0
-0.006179541443206692,-1.046864964421121,-0.7195491147283211,16648.0
0.3542403736651499,-1.046864964421121,-0.2553051394052142,16650.0
0.215007253117324,1.1147046843093364,1.8066865955437357,16652.0
-0.697428299279993,-0.2768983201087692,0.4264896524831102,16653.0
0.8241762733323041,0.49306832420358254,-0.13635543208106018,16654.0
-0.6150730102039852,0.9434699379324127,1.341722239066329,16655.0
-0.4747616908210964,1.9613104771750551,2.000582047237383,16656.0
-1.0260603857056536,0.49306832420358254,0.216682970572228,16657.0
1.4949462741036608,-1.046864964421121,-1.4079507005507577,16658.0
1.0290363299119667,-1.046864964421121,-2.328605484747967,16659.0
-0.697428299279993,0.49306832420358254,0.46207105874268856,16660.0
1.483452122569123,-1.046864964421121,-1.3324532367244197,16665.0
-0.5772685707748618,-1.046864964421121,-1.4361747005681027,16666.0
0.3142745358967301,-0.2768983201087692,-0.17902221555534187,16667.0
-0.7425543952003661,0.9434699379324127,-0.6763998196606448,16668.0
-0.41392230877470515,0.1735032936200612,0.5272144255461382,16669.0
-0.6550388479724051,1.6167819902090863,1.4030419107384762,16670.0
-0.3061383335384639,0.1735032936200612,0.6938643124827245,16671.0
-2.151398375083695,2.2808755077585765,1.9535750138604553,16672.0
0.1659196066223777,-0.2768983201087692,-0.6433715965547063,16674.0
-0.1703821560378375,0.49306832420358254,0.6449196801324655,16676.0
-1.867892384578408,1.7134365822447646,1.1821112358571584,16678.0
1.4911358461122124,-1.046864964421121,-1.3666509244248302,16679.0
-0.006179541443206692,-1.046864964421121,-1.0876909024379073,16680.0
0.36388482734386973,0.9434699379324127,0.7300492967576441,16681.0
-1.5107170776402215,0.7409422191338733,0.2939465322081597,16682.0
-1.666741683149128,2.528749402688867,3.470973346549985,16684.0
0.23831647173779008,-0.2768983201087692,-0.6318323365805723,16685.0
0.056013590892448804,1.1147046843093364,1.1698517342770005,16686.0
-2.6360550670182628,0.49306832420358254,0.45776202074956085,16688.0
0.3920448130942733,-0.2768983201087692,-0.4192656530161147,16689.0
0.3542403736651499,-0.2768983201087692,-0.9229190478317992,16690.0
1.241198468458277,-0.2768983201087692,-1.20607180030384,16692.0
0.32448218880524576,-0.2768983201087692,-0.3137303129818512,16693.0
0.7937709696793442,0.49306832420358254,-0.06414009507394168,16696.0
1.1989797023232658,-1.046864964421121,-1.479325081388929,16697.0
1.1571340320976455,-0.2768983201087692,0.8271092409451815,16698.0
-1.0997297021385526,1.8023501878361203,1.575254865600079,16700.0
-1.0997297021385526,1.8023501878361203,1.6159520922867898,16701.0
-2.6360550670182628,2.2808755077585765,2.3911449539118945,16705.0
-0.11125863204513715,0.1735032936200612,-0.2355399713419956,16706.0
0.040976198299957974,-1.046864964421121,-0.06569036575895863,16708.0
0.47029914140563667,0.7409422191338733,1.1611710127195967,16709.0
-0.5772685707748618,1.510908863446225,1.0014816327035145,16710.0
-1.867892384578408,0.7409422191338733,0.6740700412416983,16711.0
-1.0997297021385526,1.6167819902090863,1.3095626255224648,16712.0
-0.5772685707748618,1.9613104771750551,1.8241615115668575,16713.0
1.132047509783725,0.1735032936200612,0.39192743045164996,16714.0
0.41020717985370486,-1.046864964421121,-0.6895865220212366,16715.0
1.2706151579238536,-0.2768983201087692,0.1883273649060508,16716.0
-0.41392230877470515,0.9434699379324127,1.3551124413195492,16717.0
1.4968437292870584,-1.046864964421121,-0.10690605825685703,16718.0
-0.7425543952003661,1.1147046843093364,0.7390982801310961,16719.0
-0.35795550258615016,-1.046864964421121,-1.2227457128466142,16720.0
1.2573971498179417,-1.046864964421121,-0.7145684332905653,16721.0
-0.6550388479724051,1.8023501878361203,1.5186633012613673,16722.0
0.5179911550899461,-0.2768983201087692,-0.15269315748956805,16723.0
1.3567429207610928,1.1147046843093364,0.07349505866780218,16725.0
-0.35795550258615016,0.7409422191338733,0.5313760391843416,16726.0
1.487304538959081,-1.046864964421121,-0.7703692360274396,16727.0
0.040976198299957974,0.49306832420358254,0.3144959951494793,16728.0
-0.09261187884029425,2.3350729423505183,1.8600587713167023,16729.0
0.1267011893484174,0.1735032936200612,0.033574598377011884,16730.0
-0.21277160734542533,-1.046864964421121,-0.13305301273641934,16732.0
0.1267011893484174,0.1735032936200612,-0.0732032495533523,16734.0
0.41911445707406475,0.7409422191338733,0.9402401933209753,16735.0
0.14001991215468154,-1.046864964421121,-0.4288148452147929,16737.0
1.347419958561662,-1.046864964421121,-4.209933132994646,16738.0
0.9831699355571787,-1.046864964421121,-0.6349065290045071,16739.0
0.056013590892448804,-1.046864964421121,-0.3427279600361349,16742.0
-0.28160206843873536,1.1147046843093364,0.9181527005174512,16743.0
-0.9594183827556639,1.1147046843093364,0.48522127626911654,16744.0
0.48656061400111966,2.100345083207834,1.8549872577998021,16745.0
-1.5107170776402215,2.1638381959735944,1.7975970926360236,16746.0
-0.09261187884029425,-0.2768983201087692,0.1281323163678355,16747.0
-0.6150730102039852,0.7409422191338733,0.6055604671382343,16748.0
0.025608287239488887,0.7409422191338733,-0.10667456226539333,16750.0
-0.2349706720317201,-1.046864964421121,0.13829737418067992,16751.0
1.5043824740783878,-1.046864964421121,-0.9899471577471849,16752.0
0.2030546234958319,-1.046864964421121,-0.928844950949884,16753.0
0.6755508035995611,0.1735032936200612,0.5954033499786717,16755.0
1.1191584479348347,-1.046864964421121,-0.8752127316879433,16756.0
1.3950346158238631,-1.046864964421121,-1.5225972205665992,16757.0
0.28272579485732363,-1.046864964421121,-0.527344103195883,16758.0
-1.1820849912145606,0.1735032936200612,0.0824539574339544,16759.0
0.5626368581326198,-1.046864964421121,-0.6509126917443508,16761.0
-0.5414036937710863,0.1735032936200612,0.5978384895740364,16762.0
1.0650861591204936,-1.046864964421121,-0.12236061917067323,16763.0
-1.666741683149128,1.8023501878361203,1.0976532925372198,16764.0
1.3379710065774877,-1.046864964421121,-2.441148685579517,16765.0
1.2861538375298014,-0.2768983201087692,0.3808478123338385,16766.0
-0.2349706720317201,1.6167819902090863,1.6512054069631503,16767.0
0.07073438315986244,0.1735032936200612,-0.3202818951358215,16768.0
1.2520391787264589,-1.046864964421121,-0.5036923673843854,16769.0
0.2030546234958319,0.7409422191338733,0.06219817656225636,16770.0
-0.19125570031580894,0.7409422191338733,0.921272584531598,16771.0
0.1908941116649935,-1.046864964421121,-1.142405550339083,16773.0
0.3142745358967301,0.49306832420358254,-0.05973758074643104,16774.0
-1.0260603857056536,1.6167819902090863,0.6954699207485081,16775.0
0.22675898866876867,-1.046864964421121,-0.48722111941628515,16776.0
0.42790969009804847,-0.2768983201087692,-0.9201850752523607,16777.0
0.3733980598894307,-0.2768983201087692,-0.8535889259383839,16778.0
-2.151398375083695,2.386748634521438,2.1681822726911353,16779.0
0.5839342956069556,-0.2768983201087692,-0.41436349838563813,16780.0
1.5025053942772697,-1.046864964421121,-0.6646369639559888,16781.0
-1.0260603857056536,1.8023501878361203,0.9330025304798364,16782.0
-0.5414036937710863,-1.046864964421121,-1.516835114783824,16784.0
0.7286810468472031,-0.2768983201087692,-0.14142868153745472,16788.0
-1.1820849912145606,-1.046864964421121,-1.7466527930588533,16789.0
-1.666741683149128,0.9434699379324127,0.6211380305447138,16790.0
-0.28160206843873536,1.1147046843093364,0.7077345637669282,16791.0
1.3088329652668718,-0.2768983201087692,-1.4963694490687525,16792.0
0.1908941116649935,-1.046864964421121,-0.8604690313128817,16793.0
-2.6360550670182628,1.510908863446225,0.43311147834723224,16794.0
1.4892228167219115,-1.046864964421121,-0.43405773612776083,16795.0
0.5024524754839983,-1.046864964421121,-0.6792823554164388,16796.0
-0.9594183827556639,-1.046864964421121,0.41906516974196806,16800.0
0.9255552101377914,0.49306832420358254,0.6587138646360414,16801.0
0.28272579485732363,-1.046864964421121,-0.6121321721603604,16803.0
-0.4436804936346096,0.1735032936200612,-0.2270687148772685,16804.0
0.9712173059356872,-0.2768983201087692,-0.35020075144740187,16805.0
0.6046021591050975,0.49306832420358254,0.09425230712952379,16806.0
0.8340244897418808,0.1735032936200612,0.3638538496654294,16807.0
0.5769069821240461,-0.2768983201087692,-0.725756172669091,16808.0
-0.4436804936346096,0.7409422191338733,0.20024814242820851,16809.0
1.0400477670289971,-1.046864964421121,-0.6690570088147229,16810.0
-1.5107170776402215,-0.2768983201087692,-0.21214785301761424,16811.0
1.4815179254685393,-1.046864964421121,-0.3181701893541838,16812.0
-1.1820849912145606,1.510908863446225,0.6942008564337065,16813.0
-0.7907950254730315,2.3350729423505183,1.7746854104150613,16814.0
0.6046021591050975,0.49306832420358254,-0.4298529911314224,16816.0
-1.867892384578408,1.3938715516612432,0.6512591773363163,16817.0
-0.9594183827556639,1.6167819902090863,1.2416529129865042,16818.0
0.5553910750944296,-1.046864964421121,-0.28817519731560165,16820.0
1.1571340320976455,-1.046864964421121,-0.5515128016731919,16823.0
-0.697428299279993,-0.2768983201087692,-0.35011365987872944,16824.0
-0.07444951208086271,-0.2768983201087692,0.06747329571430159,16825.0
0.11312383446744997,-1.046864964421121,-0.5897516457191702,16826.0
0.5331920104081352,-0.2768983201087692,-1.3744178162251812,16828.0
0.8993316940568102,-1.046864964421121,-1.0307139043181412,16829.0
-0.07444951208086271,-1.046864964421121,-0.6277106208089663,16830.0
1.0102895821690931,0.1735032936200612,-1.0229006106971936,16832.0
-2.6360550670182628,0.49306832420358254,0.35300790987304737,16833.0
1.1602074955341286,-1.046864964421121,-0.43680850636552687,16834.0
0.7565417765237095,-0.2768983201087692,-1.1002359059199833,16835.0
-0.056747001836518776,-0.2768983201087692,-0.8344734198338741,16836.0
-0.2349706720317201,1.6167819902090863,1.1976931119070664,16837.0
1.058023353553316,-0.2768983201087692,-0.15310180622028358,16838.0
-1.0997297021385526,2.8703117275201855,2.525539534756583,16839.0
-0.11125863204513715,0.9434699379324127,0.7739122264885916,16841.0
0.5908916844129738,0.1735032936200612,0.45987818163957217,16842.0
-0.006179541443206692,2.033001612828286,2.1348040490638827,16843.0
0.09927760367238778,-1.046864964421121,-0.9640012281962501,16846.0
-0.006179541443206692,-1.046864964421121,-1.0462406553317534,16847.0
0.14001991215468154,-1.046864964421121,-0.7454686467737852,16848.0
1.0215978362901939,-1.046864964421121,-1.3993385589096323,16849.0
1.4271633215298454,-1.046864964421121,-0.6118666292826906,16850.0
-1.666741683149128,0.1735032936200612,-0.5879925710015831,16851.0
-1.0260603857056536,-0.2768983201087692,-1.2779925871614066,16852.0
-0.41392230877470515,-0.2768983201087692,-0.6216041249563257,16855.0
-0.7425543952003661,-1.046864964421121,-2.4087742900914697,16856.0
1.4968437292870584,-1.046864964421121,-0.513667297978631,16858.0
0.843735920939306,-0.2768983201087692,0.03863306788665631,16859.0
0.22675898866876867,-0.2768983201087692,-1.1323227731568852,16861.0
-0.2349706720317201,-0.2768983201087692,-0.279850519955928,16863.0
0.8241762733323041,0.1735032936200612,-0.9890197167530993,16866.0
-0.4436804936346096,0.49306832420358254,0.11785625645389408,16869.0
-0.4747616908210964,0.9434699379324127,1.1013963688571007,16871.0
0.40118496685500016,0.1735032936200612,-0.03760817179852123,16872.0
-1.5107170776402215,0.9434699379324127,1.847065996899512,16873.0
0.3039156530090395,0.7409422191338733,0.865347369002757,16875.0
-0.8985790007092727,0.9434699379324127,0.14490299075739038,16877.0
0.4620243489013911,-1.046864964421121,-3.194197467703678,16878.0
-0.2349706720317201,1.1147046843093364,0.6072417687374949,16880.0
0.3039156530090395,0.1735032936200612,-0.008527678185375248,16882.0
1.0215978362901939,-0.2768983201087692,-0.7589522609164538,16883.0
-0.09261187884029425,-0.2768983201087692,-0.40563679806473524,16884.0
-0.7425543952003661,0.1735032936200612,-0.33140091021612433,16885.0
-0.15011372802955736,-1.046864964421121,-1.0402902177424553,16887.0
1.050888477297179,0.1735032936200612,0.6381130588086134,16889.0
-2.151398375083695,0.7409422191338733,0.10242893699725936,16891.0
-2.6360550670182628,0.7409422191338733,-0.24436111508599553,16892.0
1.4930436557705435,-1.046864964421121,-1.272365003021404,16893.0
0.28272579485732363,-1.046864964421121,-0.9461573153471402,16895.0
1.3497623788629358,-0.2768983201087692,-0.7219818780091704,16897.0
-0.35795550258615016,0.1735032936200612,-0.2703172772784261,16898.0
-1.1820849912145606,0.9434699379324127,0.47082694290877924,16899.0
-0.6550388479724051,0.1735032936200612,0.17568432945742565,16900.0
0.6877113154303994,-1.046864964421121,0.7007612571403747,16902.0
-0.28160206843873536,-1.046864964421121,-0.5189165882256848,16903.0
-1.666741683149128,2.033001612828286,1.3331663166621757,16904.0
-1.5107170776402215,1.1147046843093364,1.1801585365086784,16905.0
0.445175056341916,0.49306832420358254,-0.1655697677706492,16906.0
-0.28160206843873536,0.7409422191338733,0.25693129686587535,16907.0
0.3542403736651499,-1.046864964421121,-0.5063331925711869,16909.0
-1.666741683149128,1.2630349685159339,0.602463587089529,16910.0
-0.28160206843873536,1.6167819902090863,1.030776896464874,16912.0
1.3283926128738737,-1.046864964421121,-1.4744300980496823,16913.0
-0.13041631826941766,-1.046864964421121,-0.9862438089707374,16914.0
-1.0997297021385526,0.9434699379324127,-0.10957307414680592,16915.0
-0.41392230877470515,-0.2768983201087692,-0.17044183785694933,16916.0
1.2963243703891492,-1.046864964421121,-0.4805539965427152,16917.0
0.09927760367238778,0.9434699379324127,0.3251886815168355,16918.0
0.8948638717882724,1.6167819902090863,1.0373141733224587,16919.0
0.23831647173779008,-1.046864964421121,-1.1508663738594138,16921.0
-0.8985790007092727,2.2238975283871487,1.8609105096881207,16923.0
-0.5072890349677437,0.1735032936200612,0.13832580032312228,16924.0
1.5006232617653452,-1.046864964421121,-0.9064789895764246,16926.0
0.6877113154303994,0.1735032936200612,-0.2180652116985143,16927.0
0.42790969009804847,2.100345083207834,1.1113929220132452,16928.0
-1.666741683149128,1.1147046843093364,0.47943875486754883,16929.0
-0.35795550258615016,0.1735032936200612,-0.5033549684119074,16930.0
-1.5107170776402215,2.3350729423505183,1.4969020188047764,16931.0
0.14001991215468154,-1.046864964421121,-1.188845080714682,16932.0
-2.6360550670182628,-0.2768983201087692,-0.18879145504400419,16933.0
0.1659196066223777,-0.2768983201087692,0.23142223458480915,16934.0
-0.35795550258615016,-1.046864964421121,-0.8007574079546315,16936.0
-1.0997297021385526,0.49306832420358254,0.788079264120672,16938.0
0.1267011893484174,0.1735032936200612,1.1664522674591535,16940.0
-0.8426121945207178,1.3938715516612432,0.7954064187335715,16942.0
1.1093332960238163,0.1735032936200612,0.10936474134950872,16943.0
-0.4747616908210964,2.2238975283871487,1.4505022564549015,16945.0
1.1843206369864592,-1.046864964421121,-0.450468736653426,16947.0
0.8141873633650334,0.1735032936200612,-0.4653301420294477,16948.0
-1.666741683149128,0.9434699379324127,0.4737702075047885,16949.0
0.1908941116649935,0.1735032936200612,0.40360530848621606,16950.0
0.7937709696793442,0.1735032936200612,0.4684381605475663,16951.0
0.6441907582315165,-0.2768983201087692,-1.1612342939096976,16952.0
-0.2578977032657986,-1.046864964421121,-2.8354116645408296,16953.0
-2.6360550670182628,1.3938715516612432,0.8613363776973147,16954.0
1.0140793573329043,0.49306832420358254,-0.25491832935361103,16955.0
-0.6150730102039852,-1.046864964421121,-0.6711332567413344,16956.0
1.1931529035533128,-0.2768983201087692,-0.43066136768070995,16957.0
0.48656061400111966,-1.046864964421121,-1.447242207859441,16959.0
-0.07444951208086271,0.1735032936200612,-0.2730973325019409,16960.0
0.6877113154303994,-1.046864964421121,-0.8929345934296574,16961.0
1.0215978362901939,-1.046864964421121,-1.4951347290338182,16963.0
1.1571340320976455,-1.046864964421121,-1.0147238907722902,16965.0
-1.1820849912145606,1.1147046843093364,0.8877883208238442,16966.0
1.0290363299119667,-1.046864964421121,-0.6448540361284069,16967.0
-1.666741683149128,-0.2768983201087692,-0.3879334374274728,16968.0
-0.07444951208086271,0.1735032936200612,-0.07332659513323013,16969.0
-0.09261187884029425,-1.046864964421121,-0.5541363928790721,16971.0
1.2706151579238536,-1.046864964421121,-0.8355890948584187,16976.0
0.41020717985370486,-1.046864964421121,-0.5836000335272891,16978.0
-1.666741683149128,0.9434699379324127,0.766229244169211,16979.0
1.2384618238454914,-0.2768983201087692,0.3327644303647837,16980.0
0.23831647173779008,-1.046864964421121,-0.49598875369045875,16982.0
-0.8426121945207178,1.1147046843093364,0.7998472498283699,16983.0
0.4945516930480387,-0.2768983201087692,1.4752002896941887,16984.0
-0.6550388479724051,1.510908863446225,1.6342820336683233,16985.0
-0.2578977032657986,-1.046864964421121,-1.7231687655852688,16986.0
-1.867892384578408,1.1147046843093364,0.661344744067879,16987.0
-1.5107170776402215,-1.046864964421121,-1.3894171259361816,16988.0
-1.275451717407599,0.9434699379324127,0.3721516097106876,16989.0
1.132047509783725,-1.046864964421121,-1.1084854173431227,16990.0
-0.9594183827556639,0.7409422191338733,0.6560246312970541,16992.0
-0.2578977032657986,0.9434699379324127,0.5737429147996156,16996.0
1.323553757534285,0.1735032936200612,-0.012085615977518257,16997.0
0.8674402861122428,0.49306832420358254,-0.7076578979365639,16998.0
-0.4436804936346096,-0.2768983201087692,-0.3090666022465693,16999.0
-2.6360550670182628,1.6167819902090863,1.3819386404049128,17001.0
0.4784771504913606,0.1735032936200612,0.5937400004866321,17002.0
0.040976198299957974,-0.2768983201087692,0.5491283865384318,17004.0
-1.5107170776402215,0.49306832420358254,0.07427539962967981,17006.0
0.11312383446744997,0.9434699379324127,0.1782307284273903,17007.0
-0.6150730102039852,-1.046864964421121,-1.0383165054130366,17010.0
-0.2578977032657986,-1.046864964421121,-0.776035566583391,17011.0
-1.1820849912145606,0.1735032936200612,-0.156542697854496,17014.0
-0.28160206843873536,0.1735032936200612,0.7621292390768316,17015.0
-1.867892384578408,2.2808755077585765,2.006924597901331,17017.0
-0.03948163559265158,-0.2768983201087692,0.20497950619725464,17018.0
-0.9594183827556639,0.49306832420358254,0.4652041874754998,17019.0
-0.2349706720317201,-1.046864964421121,-1.850389612999254,17022.0
0.025608287239488887,0.1735032936200612,-1.6096115998598255,17024.0
0.23831647173779008,0.1735032936200612,-0.5528795864230596,17025.0
1.0140793573329043,-0.2768983201087692,-1.2248674840028375,17026.0
0.41911445707406475,0.9434699379324127,0.17855521969314758,17027.0
0.6569040503947179,-0.2768983201087692,0.0037574816124383665,17029.0
0.2718850845891419,-1.046864964421121,-1.2672135178516384,17030.0
-0.8985790007092727,-0.2768983201087692,-0.5037767393020478,17031.0
0.4784771504913606,0.1735032936200612,0.295614982211909,17033.0
-0.697428299279993,0.1735032936200612,0.03617239313239941,17034.0
1.2133377387817708,-0.2768983201087692,-0.3987786597880421,17035.0
0.4945516930480387,-1.046864964421121,0.46186216987346956,17037.0
-0.2578977032657986,-1.046864964421121,-1.4818195073826943,17038.0
0.8091388807398133,-1.046864964421121,-0.36934465624901286,17040.0
-0.33156701969869745,0.1735032936200612,0.33470288034158086,17041.0
-1.867892384578408,0.7409422191338733,0.3066296997603213,17042.0
-0.21277160734542533,0.49306832420358254,0.7139545124233317,17043.0
-0.38537908826217976,-1.046864964421121,0.22935246602455753,17044.0
0.6693903073076132,0.1735032936200612,-0.5950757656340638,17045.0
0.8993316940568102,-1.046864964421121,-0.08374341638361397,17046.0
0.47029914140563667,0.1735032936200612,0.348915335535542,17047.0
0.6996639450518916,0.1735032936200612,0.20954441780573177,17048.0
-1.867892384578408,1.3938715516612432,1.6625373341167187,17049.0
0.5553910750944296,0.9434699379324127,1.2122007490204518,17050.0
1.0472935500671874,-1.046864964421121,-0.8496837653577914,17051.0
-0.3061383335384639,-1.046864964421121,-0.4362459624645895,17052.0
0.7727404578833741,-1.046864964421121,-0.28677369130843516,17053.0
-0.3061383335384639,0.7409422191338733,0.5163216870495643,17054.0
0.445175056341916,0.1735032936200612,0.40451020558161116,17058.0
-0.2578977032657986,0.7409422191338733,1.1782451425793687,17059.0
1.2679914707703699,-1.046864964421121,-0.8926947951485418,17060.0
0.3733980598894307,1.6167819902090863,1.5994892923172779,17061.0
1.3839883859913777,0.49306832420358254,-0.22500950967184125,17062.0
-0.5072890349677437,1.1147046843093364,0.5760414469823842,17063.0
0.215007253117324,0.1735032936200612,0.150176613147094,17064.0
-0.8985790007092727,2.3350729423505183,1.4877750412985389,17068.0
-0.3061383335384639,1.3938715516612432,1.0715671900164216,17069.0
0.6755508035995611,-1.046864964421121,-0.6623460717692715,17070.0
-0.3061383335384639,1.3938715516612432,0.983837459453901,17071.0
-0.6150730102039852,0.49306832420358254,0.5677346199289423,17073.0
-0.6150730102039852,0.49306832420358254,0.12626845834635744,17075.0
-0.13041631826941766,0.1735032936200612,0.13293528640937552,17076.0
-0.13041631826941766,-0.2768983201087692,-0.5083248349646586,17078.0
0.41020717985370486,-1.046864964421121,-1.4373894073213949,17079.0
-0.4747616908210964,-0.2768983201087692,-0.7279846683933139,17080.0
-0.38537908826217976,-0.2768983201087692,-0.7209304615405566,17081.0
-0.19125570031580894,-0.2768983201087692,0.829454925185432,17082.0
0.6441907582315165,0.1735032936200612,0.5450523675356881,17083.0
-0.15011372802955736,-0.2768983201087692,1.1396695736891271,17084.0
0.7286810468472031,0.7409422191338733,0.6319808642414771,17085.0
-1.275451717407599,0.9434699379324127,0.8477544855328104,17086.0
-0.3061383335384639,0.49306832420358254,0.8242974263823427,17088.0
-1.666741683149128,1.1147046843093364,0.8453518717783457,17090.0
-1.867892384578408,1.3938715516612432,1.3487199025026089,17091.0
0.09927760367238778,0.49306832420358254,0.7334140208137752,17092.0
1.4015795479106221,-1.046864964421121,-0.6888423100019241,17094.0
-0.4436804936346096,0.1735032936200612,0.49706276820988177,17095.0
-0.7425543952003661,0.49306832420358254,0.28935209767156544,17096.0
-2.151398375083695,1.2630349685159339,0.23436140879998368,17097.0
-0.6150730102039852,-0.2768983201087692,0.2487905809231831,17100.0
-1.0260603857056536,0.49306832420358254,0.6597039293094991,17101.0
1.2573971498179417,-1.046864964421121,-2.6719599412661013,17102.0
0.9081825945945365,-0.2768983201087692,-0.054587474642361536,17105.0
-0.19125570031580894,0.9434699379324127,2.182078318555703,17107.0
-0.28160206843873536,0.9434699379324127,0.17381000727711124,17109.0
0.9340822890622325,-1.046864964421121,-1.1821352483840062,17110.0
0.056013590892448804,-1.046864964421121,-0.8449257037023497,17111.0
-1.3832356926438403,1.2630349685159339,0.10135807477160062,17114.0
-1.1820849912145606,0.1735032936200612,0.12951300418497116,17115.0
1.323553757534285,-1.046864964421121,-1.4551434552400309,17117.0
1.3928392865291042,-1.046864964421121,-1.2135986317036163,17118.0
-1.867892384578408,-0.2768983201087692,-0.12886469080516136,17119.0
1.1753753746075404,-1.046864964421121,-0.6744664698488907,17120.0
0.705564501638259,-1.046864964421121,-1.3153346867022848,17122.0
0.9212523546757249,-1.046864964421121,-0.5813430413407596,17123.0
1.0140793573329043,-1.046864964421121,-0.6971473833247875,17124.0
0.09927760367238778,-1.046864964421121,-0.8109933741547077,17125.0
0.8767015050288409,0.7409422191338733,0.2755924738804588,17126.0
1.4292536423870812,-1.046864964421121,-1.2132410375045124,17128.0
-1.5107170776402215,0.7409422191338733,0.995035461542719,17131.0
-0.697428299279993,1.1147046843093364,1.5455840062392594,17133.0
0.6312420213970147,-0.2768983201087692,-0.4147220996334146,17134.0
-0.697428299279993,1.1147046843093364,0.37672622680747386,17135.0
1.2937955726743802,-1.046864964421121,-0.5034603903498149,17138.0
-0.697428299279993,1.7134365822447646,2.171101740357149,17139.0
1.2161743017226836,-1.046864964421121,-0.3420034609736302,17140.0
1.1931529035533128,-1.046864964421121,-0.1666360390877263,17142.0
-2.6360550670182628,-0.2768983201087692,0.25931430344865164,17144.0
0.6246766040892487,0.1735032936200612,0.04074387099903772,17146.0
-0.4436804936346096,0.49306832420358254,0.7043771583571616,17147.0
0.1267011893484174,-1.046864964421121,-1.3973444329380966,17148.0
1.050888477297179,0.1735032936200612,0.6925499656597742,17152.0
-0.41392230877470515,-1.046864964421121,-0.966025286148689,17153.0
0.3827835941776752,-1.046864964421121,-0.6193108925200854,17154.0
-0.6150730102039852,-0.2768983201087692,-0.8350151253640743,17155.0
-1.1820849912145606,-0.2768983201087692,-0.6449043363483096,17157.0
-0.21277160734542533,0.1735032936200612,0.46164056162671163,17158.0
-0.4747616908210964,0.1735032936200612,0.6176317230998686,17159.0
-0.2349706720317201,0.9434699379324127,1.281021797855835,17160.0
-0.28160206843873536,1.510908863446225,0.7047841570287928,17162.0
-0.4747616908210964,-0.2768983201087692,-0.712842054551496,17163.0
-0.19125570031580894,1.1147046843093364,0.996395834035256,17164.0
1.3137744120241468,-1.046864964421121,-1.205161172434388,17165.0
-0.07444951208086271,-0.2768983201087692,-0.9944449650152163,17166.0
0.2030546234958319,-0.2768983201087692,0.12786357315539565,17169.0
1.3259773710734528,-1.046864964421121,-0.9253055627232976,17171.0
0.41911445707406475,-1.046864964421121,-0.6480291249425338,17172.0
-1.5107170776402215,1.2630349685159339,1.335797005999273,17173.0
1.1288474501660841,-1.046864964421121,-1.986785640076559,17174.0
0.009895001113470848,0.49306832420358254,0.5664019556982929,17175.0
1.0755483763475413,-1.046864964421121,-0.6779446192169629,17176.0
0.9871091674185659,0.1735032936200612,-0.0009739568852495734,17179.0
0.17851835839610394,0.49306832420358254,0.08876799441210878,17180.0
0.1908941116649935,-0.2768983201087692,-0.8734719185966162,17181.0
-1.1820849912145606,0.9434699379324127,1.241111398450088,17183.0
0.056013590892448804,-0.2768983201087692,-1.2830468105709272,17186.0
1.1571340320976455,-1.046864964421121,-1.0037922624396505,17187.0
-0.9594183827556639,1.1147046843093364,0.9986299055382174,17188.0
0.6246766040892487,-0.2768983201087692,-0.495278796994522,17189.0
0.215007253117324,-0.2768983201087692,-0.37829651977410045,17190.0
-0.3061383335384639,1.1147046843093364,0.8651942067496078,17191.0
-0.13041631826941766,1.1147046843093364,0.6971903668401387,17193.0
1.2887103734893812,-0.2768983201087692,-0.8009406892020977,17194.0
-0.2578977032657986,-1.046864964421121,0.28216129061640727,17197.0
-0.41392230877470515,0.1735032936200612,-0.023341739504129783,17198.0
0.1530896722358701,-1.046864964421121,-0.5875709663374964,17201.0
-0.13041631826941766,0.9434699379324127,1.291403935016871,17203.0
0.9752242613484846,0.49306832420358254,0.6309098177177596,17204.0
0.1530896722358701,-1.046864964421121,-0.49594697413686323,17205.0
0.14001991215468154,-1.046864964421121,-1.0026522492116847,17206.0
-0.33156701969869745,1.2630349685159339,0.9460293835919491,17211.0
1.2329561906279893,-1.046864964421121,-0.9184147443105739,17212.0
-0.056747001836518776,1.1147046843093364,1.092471751753745,17213.0
0.22675898866876867,0.9434699379324127,0.3254138460198313,17214.0
1.17836986229356,-1.046864964421121,-1.4740058553374298,17217.0
-1.666741683149128,1.510908863446225,0.8119977213773736,17218.0
-0.21277160734542533,-1.046864964421121,-1.4688621239368282,17219.0
-0.41392230877470515,1.8846713286216876,1.2045634014483706,17220.0
-1.275451717407599,-0.2768983201087692,-0.6053282788455528,17221.0
0.28272579485732363,-1.046864964421121,-0.5610389314934475,17222.0
1.3750240092808892,-0.2768983201087692,-0.4113500394762885,17223.0
1.372764841544953,-1.046864964421121,-0.4765271402661287,17226.0
-0.5772685707748618,0.9434699379324127,0.2215664179496312,17227.0
-0.697428299279993,1.2630349685159339,0.7893261592349403,17228.0
0.5553910750944296,-0.2768983201087692,-0.645508185090281,17229.0
1.2627143754878933,1.2630349685159339,1.308016121585512,17230.0
-0.8985790007092727,1.510908863446225,1.1985377458448954,17231.0
-1.867892384578408,-0.2768983201087692,-0.4213186768105678,17232.0
-0.15011372802955736,-1.046864964421121,-1.056929421679161,17233.0
1.0064791541776454,-1.046864964421121,-1.2508833460368005,17234.0
-0.38537908826217976,-0.2768983201087692,-0.20777476364000233,17235.0
-0.8426121945207178,0.9434699379324127,0.20151023471990867,17236.0
-0.9594183827556639,-0.2768983201087692,-0.6558182696145837,17237.0
-1.867892384578408,2.100345083207834,1.3311078171403337,17238.0
1.3817580434113175,-1.046864964421121,-0.4992542802851827,17239.0
0.6377463641704376,-0.2768983201087692,0.3734178867252409,17242.0
-2.6360550670182628,2.572316832148472,2.005316377649378,17243.0
0.14001991215468154,-1.046864964421121,0.2347648095537749,17244.0
1.08585635378539,-1.046864964421121,-1.1430604239296696,17245.0
-0.7425543952003661,-1.046864964421121,-0.7432764149096379,17247.0
0.7114156806033363,-1.046864964421121,-0.645785101057017,17248.0
-1.666741683149128,-0.2768983201087692,-0.4950283739605086,17250.0
1.4853809839467895,-1.046864964421121,-0.7401833313876505,17251.0
0.6937131703589926,-0.2768983201087692,-0.5616961848475726,17252.0
-0.6150730102039852,-1.046864964421121,-1.1118091197194357,17253.0
-1.5107170776402215,-0.2768983201087692,-0.7714875254274713,17254.0
-0.03948163559265158,-0.2768983201087692,-0.6984368882248454,17255.0
0.6312420213970147,-0.2768983201087692,-0.8732044361279631,17256.0
0.8580547518239977,-0.2768983201087692,-0.13355814760261756,17259.0
0.1267011893484174,0.7409422191338733,0.4529753511039192,17262.0
1.0960145732175521,-1.046864964421121,-1.9407183365708667,17263.0
0.8141873633650334,-0.2768983201087692,-0.18926167342817898,17265.0
-2.151398375083695,0.1735032936200612,-0.6662109126861753,17266.0
0.7510577342465041,-0.2768983201087692,-0.6483826894671929,17267.0
0.6377463641704376,0.49306832420358254,0.055439564443524936,17268.0
-0.022632343033176155,0.49306832420358254,0.8854244058377541,17272.0
-0.15011372802955736,-1.046864964421121,-1.4848230917450838,17274.0
1.1602074955341286,-0.2768983201087692,0.32257967581988756,17277.0
1.1989797023232658,-1.046864964421121,-0.8532627689123495,17278.0
0.2030546234958319,-1.046864964421121,-1.0698528172234487,17279.0
0.7673824867918912,0.1735032936200612,0.6991285342038499,17282.0
0.22675898866876867,0.9434699379324127,0.6748229062954162,17284.0
-0.4747616908210964,-1.046864964421121,-1.2295969255722976,17286.0
-0.35795550258615016,1.1147046843093364,0.32164528959287064,17287.0
-1.0997297021385526,1.1147046843093364,0.55297473656636,17288.0
-0.21277160734542533,0.1735032936200612,0.22590226911150918,17289.0
-1.666741683149128,-0.2768983201087692,-0.24481923972431718,17290.0
1.3704983507241346,-1.046864964421121,-0.20669613021554992,17291.0
-1.1820849912145606,1.3938715516612432,0.776178886783995,17293.0
-0.28160206843873536,0.1735032936200612,-0.1977874781040628,17295.0
-0.6550388479724051,-1.046864964421121,-1.3541955316626622,17297.0
0.5908916844129738,-0.2768983201087692,-0.28687026833621243,17298.0
-0.8985790007092727,0.49306832420358254,-0.05058458298719158,17299.0
-0.5072890349677437,-1.046864964421121,-1.0290477084578618,17301.0
-0.7425543952003661,0.7409422191338733,0.37383482539837,17302.0
1.4815179254685393,-1.046864964421121,-0.8403240324897516,17303.0
-0.9594183827556639,2.1638381959735944,1.9052384531983875,17306.0
0.5480694186031799,-1.046864964421121,-1.7275199801765309,17309.0
0.41020717985370486,-0.2768983201087692,0.5330172788825722,17311.0
0.8141873633650334,0.1735032936200612,-0.08089921423431738,17312.0
-0.2349706720317201,-1.046864964421121,0.9500426353091994,17313.0
-0.38537908826217976,1.2630349685159339,1.0158536491608339,17314.0
-2.151398375083695,2.9938641726995003,1.7475023087169508,17315.0
0.040976198299957974,0.1735032936200612,1.0385152996753735,17317.0
0.5839342956069556,0.1735032936200612,0.4184840032571978,17320.0
-1.1820849912145606,-0.2768983201087692,-0.01338957755692717,17321.0
-0.7425543952003661,1.1147046843093364,0.20582488638439417,17323.0
-0.6150730102039852,0.49306832420358254,0.26391335928699067,17324.0
1.303856347774145,-1.046864964421121,-1.6016987615247074,17325.0
-0.7907950254730315,-0.2768983201087692,-0.24807946854401183,17329.0
-0.4436804936346096,-0.2768983201087692,-0.5392492539757755,17330.0
0.7343427118374151,-1.046864964421121,-1.125701164809888,17331.0
0.4784771504913606,-1.046864964421121,-0.29361101325839356,17333.0
1.3567429207610928,-0.2768983201087692,-0.6756154676016041,17334.0
0.8720862288265253,0.49306832420358254,0.8390150147089557,17337.0
-0.6550388479724051,1.2630349685159339,1.7911348125234476,17338.0
0.5406702828270163,-0.2768983201087692,-0.8620499454348239,17339.0
-0.2578977032657986,1.6167819902090863,2.2887448009880043,17340.0
0.8993316940568102,0.1735032936200612,0.07384425239504602,17341.0
1.4697990175330535,-1.046864964421121,-1.0454115618847237,17343.0
0.040976198299957974,-1.046864964421121,-1.1956614666998442,17344.0
-0.7425543952003661,0.49306832420358254,-0.22594892601746075,17345.0
-1.666741683149128,1.9613104771750551,1.0616942874381585,17346.0
0.4784771504913606,-1.046864964421121,-0.9109866759962806,17347.0
-0.7425543952003661,0.7409422191338733,0.3905378431060197,17348.0
0.9910263306383557,-1.046864964421121,-1.493684545797076,17349.0
-1.1820849912145606,0.49306832420358254,0.47364544737838055,17350.0
-0.13041631826941766,0.1735032936200612,-0.15542142215135354,17351.0
0.7619831409966483,-0.2768983201087692,0.7161800974623321,17353.0
0.11312383446744997,-1.046864964421121,0.5377597034427949,17354.0
1.37952056372284,-1.046864964421121,-1.1119891721567472,17356.0
-0.41392230877470515,-0.2768983201087692,-0.48751045743755844,17357.0
1.3590543668528285,-0.2768983201087692,-0.5349614421074055,17358.0
-0.9594183827556639,-1.046864964421121,-1.3784237594879454,17359.0
-0.6550388479724051,0.1735032936200612,-0.15728195561921388,17360.0
0.08515163220306504,0.1735032936200612,-0.3034925522386788,17361.0
1.1931529035533128,-0.2768983201087692,-0.6621147722844898,17362.0
-2.6360550670182628,1.6167819902090863,1.4751698533504873,17364.0
-0.8426121945207178,1.2630349685159339,1.530573190115149,17365.0
1.1902211935728266,-1.046864964421121,-1.1574616147802075,17367.0
-0.4436804936346096,1.2630349685159339,0.7920910510268493,17368.0
0.36388482734386973,0.49306832420358254,-0.375702947573262,17370.0
-0.6550388479724051,0.1735032936200612,-0.416820295317563,17371.0
-0.03948163559265158,1.2630349685159339,0.508206359729943,17372.0
-0.056747001836518776,0.49306832420358254,-0.0776432785037886,17373.0
1.132047509783725,-0.2768983201087692,-0.29114739087236347,17374.0
1.0650861591204936,0.1735032936200612,-0.463161508338799,17375.0
0.3444610281550118,-0.2768983201087692,-1.006748106347698,17376.0
-0.41392230877470515,2.2808755077585765,1.4040246369818654,17377.0
-0.9594183827556639,-1.046864964421121,-0.4540691343818811,17379.0
-1.0997297021385526,2.6546379729340397,2.4335841090208263,17381.0
0.28272579485732363,-1.046864964421121,-1.9163057924352305,17382.0
-1.666741683149128,-1.046864964421121,-1.0223367922219215,17383.0
-0.5772685707748618,-0.2768983201087692,-0.6022935981624523,17384.0
-0.7425543952003661,-1.046864964421121,-0.8055671073161399,17385.0
-1.1820849912145606,0.9434699379324127,1.064644446332762,17386.0
-0.5414036937710863,-0.2768983201087692,0.07666304141951623,17387.0
0.41020717985370486,0.49306832420358254,0.4569343746850369,17388.0
-2.6360550670182628,2.8703117275201855,3.0212758420275296,17389.0
0.9298317482764835,-0.2768983201087692,-0.2703330458667319,17391.0
1.36822448918849,-0.2768983201087692,-0.3548827475356608,17392.0
1.132047509783725,-1.046864964421121,-1.0041070341203269,17394.0
-0.07444951208086271,1.2630349685159339,1.7231837934271172,17396.0
-0.4747616908210964,-0.2768983201087692,-0.018499982626818085,17397.0
0.6816574957434322,0.1735032936200612,-0.06967128916542806,17398.0
0.7455303394066789,0.7409422191338733,0.8784224303948275,17400.0
-1.5107170776402215,1.8023501878361203,1.04878848348689,17402.0
-0.13041631826941766,-1.046864964421121,-0.7448986597810048,17403.0
-1.666741683149128,1.8846713286216876,2.9168487568701362,17404.0
-2.6360550670182628,0.1735032936200612,0.2966034990789851,17405.0
1.4250667328345732,0.1735032936200612,0.9045337693151828,17406.0
0.9255552101377914,-1.046864964421121,-2.4736549600673343,17408.0
1.0140793573329043,-0.2768983201087692,0.06401931149282648,17409.0
-0.697428299279993,0.7409422191338733,0.4278514224003087,17410.0
-0.8985790007092727,0.1735032936200612,0.07135549945327323,17411.0
-1.867892384578408,1.1147046843093364,0.4559783363406143,17412.0
1.0140793573329043,-1.046864964421121,-2.5969227076111863,17414.0
0.42790969009804847,-1.046864964421121,-0.27184827513162746,17415.0
-0.2578977032657986,1.1147046843093364,1.8207110444824322,17416.0
-0.022632343033176155,-0.2768983201087692,-0.3452169354186857,17418.0
-0.9594183827556639,1.7134365822447646,1.4282380223955682,17419.0
0.09927760367238778,0.1735032936200612,-0.1396179069102883,17420.0
-0.697428299279993,0.9434699379324127,0.8195931120714595,17422.0
0.040976198299957974,-0.2768983201087692,-0.016199143214859112,17423.0
-0.5772685707748618,-0.2768983201087692,0.050729387404295764,17425.0
-1.1820849912145606,0.9434699379324127,1.569021198530354,17426.0
0.3542403736651499,-1.046864964421121,-1.5692119893073928,17427.0
-2.6360550670182628,2.6546379729340397,2.55694761934213,17428.0
0.7565417765237095,0.1735032936200612,-0.24530819450888325,17429.0
-0.19125570031580894,-0.2768983201087692,-0.7914047698221883,17430.0
1.3817580434113175,-1.046864964421121,-0.4567701285015145,17431.0
-0.6150730102039852,-0.2768983201087692,-0.5351588375216856,17432.0
0.4945516930480387,-1.046864964421121,-0.6857664788751607,17433.0
-2.151398375083695,1.1147046843093364,0.9653910419028314,17434.0
-2.151398375083695,-0.2768983201087692,-0.9566230653764168,17436.0
1.2357144261810717,-1.046864964421121,-0.48686992061124923,17438.0
0.8993316940568102,0.1735032936200612,-1.0758983355097773,17440.0
-0.11125863204513715,0.9434699379324127,0.9218972490069097,17442.0
1.1352329904915128,-1.046864964421121,-0.23118803081200082,17443.0
0.8580547518239977,0.1735032936200612,1.137024157580804,17444.0
0.9831699355571787,-0.2768983201087692,-1.4233309860531536,17446.0
-0.056747001836518776,-0.2768983201087692,-0.22031404084436887,17447.0
-2.151398375083695,1.1147046843093364,1.0136098048608178,17449.0
-1.1820849912145606,3.0227184458773024,3.6505769824889027,17450.0
-2.6360550670182628,1.1147046843093364,0.7075574721301215,17451.0
-0.6150730102039852,-0.2768983201087692,-0.3059284959570434,17453.0
1.0400477670289971,0.49306832420358254,-0.2566836988543547,17454.0
1.082437218336585,-1.046864964421121,-1.3546827420357899,17455.0
1.4892228167219115,-1.046864964421121,-0.8409018139042506,17456.0
0.7510577342465041,0.7409422191338733,0.7151188663723479,17457.0
-0.7425543952003661,-1.046864964421121,-0.6512168288432517,17458.0
-0.006179541443206692,-0.2768983201087692,-0.06487213313320578,17459.0
0.5406702828270163,0.9434699379324127,-0.10860573956085512,17460.0
-0.4436804936346096,0.1735032936200612,0.04892016968429539,17461.0
0.22675898866876867,-0.2768983201087692,-0.04273320583818714,17462.0
-0.697428299279993,0.7409422191338733,0.7852412608893666,17463.0
0.9037711490086323,-1.046864964421121,-0.7214836668698545,17464.0
-1.0260603857056536,-0.2768983201087692,0.055061243481094736,17466.0
-1.0260603857056536,-0.2768983201087692,-1.3230280046042056,17468.0
-0.697428299279993,0.7409422191338733,0.7744055237519797,17469.0
0.025608287239488887,0.7409422191338733,0.3663393648393946,17470.0
1.0363965221471698,0.1735032936200612,-0.0026665071387698643,17472.0
0.41911445707406475,-1.046864964421121,-1.0423926208220202,17475.0
0.41020717985370486,-1.046864964421121,-0.26558496270820103,17480.0
-1.666741683149128,0.49306832420358254,0.4544015731704473,17481.0
0.28272579485732363,0.1735032936200612,-0.43568381271614137,17483.0
1.254723296440975,-1.046864964421121,-0.46966485803082514,17486.0
0.215007253117324,-0.2768983201087692,-0.5116410638006963,17489.0
-2.6360550670182628,1.1147046843093364,0.8641174169537154,17490.0
-2.6360550670182628,1.510908863446225,1.2902820257843375,17491.0
1.2189994037719827,-1.046864964421121,-0.51606271280462,17492.0
-1.1820849912145606,-0.2768983201087692,-0.288255818079689,17495.0
1.4776334054442046,-1.046864964421121,-0.7755914405508524,17496.0
0.3920448130942733,-1.046864964421121,-0.7721356692757575,17498.0
1.3283926128738737,-1.046864964421121,-0.10802589813743918,17499.0
-0.6550388479724051,0.1735032936200612,0.37550746699483306,17500.0
1.1384040245251397,-0.2768983201087692,-0.7252556130247204,17501.0
-1.0997297021385526,0.49306832420358254,-0.02696613192256275,17502.0
-1.867892384578408,-0.2768983201087692,-0.194897187318625,17503.0
1.089258851039665,1.3938715516612432,1.1524274658639235,17504.0
0.9212523546757249,-0.2768983201087692,0.38101587719999613,17505.0
0.3920448130942733,-1.046864964421121,-0.68831115231467,17506.0
1.2573971498179417,-0.2768983201087692,-0.1306248333088995,17507.0
1.306349084125488,-1.046864964421121,-0.48922796492316234,17508.0
0.2030546234958319,1.2630349685159339,1.7245941330795387,17509.0
-0.38537908826217976,-1.046864964421121,-0.6718091958335051,17510.0
-1.867892384578408,2.7677009439520956,3.8896015292901276,17511.0
-0.28160206843873536,1.510908863446225,1.1329065837422438,17512.0
0.3542403736651499,-1.046864964421121,-0.2634246272688561,17513.0
0.7565417765237095,-1.046864964421121,-0.9855128765767444,17514.0
-0.2349706720317201,0.49306832420358254,-0.08750121531570423,17515.0
-0.7425543952003661,0.7409422191338733,0.060090914057990955,17516.0
1.372764841544953,-1.046864964421121,-1.2294926816096623,17517.0
-0.6550388479724051,0.9434699379324127,0.7627647212857558,17519.0
0.1530896722358701,-1.046864964421121,-0.21252925052890434,17520.0
-0.2578977032657986,0.1735032936200612,0.011796238795302868,17521.0
-2.151398375083695,0.7409422191338733,0.3266061640543241,17522.0
-0.9594183827556639,0.49306832420358254,-0.07045755808675815,17523.0
1.4815179254685393,-1.046864964421121,-1.2774944447622063,17524.0
1.4795783630431916,-1.046864964421121,-0.4190758236866378,17525.0
-1.5107170776402215,0.49306832420358254,0.41532364961195445,17526.0
0.1530896722358701,0.49306832420358254,0.2216091239659235,17527.0
-2.6360550670182628,1.2630349685159339,1.305827864603488,17528.0
-2.6360550670182628,1.510908863446225,0.969160834915006,17530.0
1.0327261105377474,-1.046864964421121,-0.7030476665006549,17531.0
0.1530896722358701,-1.046864964421121,-0.9308539649136061,17534.0
1.303856347774145,-1.046864964421121,-1.1767489295693891,17535.0
0.9831699355571787,-1.046864964421121,-1.7905282979971242,17536.0
-0.2578977032657986,-0.2768983201087692,0.18513384172377942,17537.0
-0.35795550258615016,-1.046864964421121,-1.5883827287351462,17538.0
-0.38537908826217976,-0.2768983201087692,-0.16677461990805467,17540.0
1.2784276616139119,-1.046864964421121,-1.1463428338855994,17542.0
-0.006179541443206692,0.1735032936200612,-0.07883475992906432,17545.0
1.17836986229356,-1.046864964421121,-1.5495560905792949,17548.0
-0.41392230877470515,-0.2768983201087692,-1.256415639535298,17549.0
1.058023353553316,0.1735032936200612,-0.7871893464784779,17550.0
1.4776334054442046,-1.046864964421121,-0.6760859868159262,17551.0
0.22675898866876867,0.49306832420358254,0.213919678794989,17552.0
0.7673824867918912,-1.046864964421121,-0.8812679578436142,17553.0
-2.6360550670182628,0.7409422191338733,0.8086065352933858,17554.0
-0.5414036937710863,-0.2768983201087692,-0.31165236042511446,17555.0
1.089258851039665,-1.046864964421121,-1.209114712891795,17556.0
-0.7907950254730315,0.1735032936200612,-0.22041775732575605,17557.0
0.5480694186031799,0.49306832420358254,0.14605809498340344,17560.0
-0.5772685707748618,-1.046864964421121,-1.161186427450399,17561.0
-0.7907950254730315,1.1147046843093364,0.3644187661442129,17562.0
-0.41392230877470515,0.1735032936200612,-0.36174528446950416,17564.0
-1.1820849912145606,-0.2768983201087692,0.18833626758254826,17566.0
-1.275451717407599,1.2630349685159339,1.4479095462575562,17567.0
1.4229638385998988,-1.046864964421121,-0.584042869377089,17569.0
0.09927760367238778,0.49306832420358254,0.5963033393525601,17571.0
0.3444610281550118,0.49306832420358254,-0.9187684981334536,17572.0
-0.28160206843873536,0.1735032936200612,-0.503249560324349,17573.0
1.2047583451810127,-1.046864964421121,-1.0792191213730393,17574.0
-1.1820849912145606,2.2238975283871487,1.3045399455370308,17576.0
1.1288474501660841,-1.046864964421121,-1.2860611421966357,17578.0
-1.5107170776402215,0.1735032936200612,-0.3708267356919804,17579.0
1.2329561906279893,0.1735032936200612,-0.9587773276828201,17580.0
-2.6360550670182628,2.528749402688867,2.1989330352004433,17581.0
1.1843206369864592,-1.046864964421121,-1.1253806697218216,17582.0
-1.275451717407599,-0.2768983201087692,0.4458640882375788,17584.0
0.6441907582315165,0.49306832420358254,0.37202416393196536,17585.0
0.5839342956069556,0.1735032936200612,0.4445066992488964,17588.0
0.22675898866876867,0.49306832420358254,0.975583841387429,17589.0
-2.151398375083695,0.1735032936200612,0.585908275360729,17590.0
0.36388482734386973,1.1147046843093364,0.9137960989397361,17591.0
-1.666741683149128,0.7409422191338733,1.3693253841697437,17593.0
0.47029914140563667,-0.2768983201087692,0.2662999833680366,17594.0
-0.8985790007092727,-0.2768983201087692,-0.4861679838584321,17595.0
-0.4436804936346096,1.1147046843093364,1.105831653611614,17596.0
1.1158987133315823,-1.046864964421121,0.8455167178458007,17597.0
-0.6150730102039852,-1.046864964421121,-1.1901838819738204,17600.0
1.1931529035533128,-1.046864964421121,-1.4564564015292076,17601.0
-2.151398375083695,0.9434699379324127,1.5794195363156887,17602.0
0.41020717985370486,-1.046864964421121,-0.47402312078017284,17603.0
1.125632677578944,-0.2768983201087692,-0.6695236963648433,17604.0
-0.19125570031580894,-0.2768983201087692,-1.0463236118181316,17608.0
-0.03948163559265158,0.7409422191338733,0.35712299694274063,17609.0
-1.275451717407599,1.9613104771750551,1.3808620184445586,17611.0
0.14001991215468154,0.9434699379324127,0.847116319492626,17612.0
-0.4436804936346096,1.8846713286216876,1.4890096019035368,17613.0
0.1908941116649935,-1.046864964421121,-0.48353089271010025,17614.0
0.7673824867918912,0.1735032936200612,-0.6186777497097478,17615.0
0.9712173059356872,0.1735032936200612,-0.17751787261366442,17616.0
-1.3832356926438403,0.1735032936200612,0.24865846661832583,17618.0
1.37952056372284,-1.046864964421121,-0.9484304716798057,17619.0
0.22675898866876867,-1.046864964421121,-1.740322869437581,17620.0
-0.5072890349677437,0.1735032936200612,0.530144355944052,17621.0
-0.19125570031580894,-1.046864964421121,-0.2420591846979433,17623.0
-0.7425543952003661,-0.2768983201087692,0.13522140750963227,17624.0
-0.6150730102039852,0.49306832420358254,0.8465481988457201,17625.0
0.43659566274115785,-1.046864964421121,-1.7984329299890567,17628.0
-1.3832356926438403,1.2630349685159339,0.7496489233178197,17629.0
0.9549558333402042,-0.2768983201087692,-0.2785749812813908,17630.0
-2.151398375083695,0.1735032936200612,-0.2401130383148823,17631.0
-0.2349706720317201,0.49306832420358254,0.4974746770803562,17633.0
-0.13041631826941766,1.3938715516612432,0.9613758990517534,17634.0
-0.5772685707748618,-1.046864964421121,-0.733751698820712,17636.0
-0.2349706720317201,-0.2768983201087692,-0.21216251880060777,17637.0
1.2937955726743802,-1.046864964421121,-1.5101522229147064,17639.0
0.48656061400111966,-1.046864964421121,-0.10959888570783899,17640.0
0.7114156806033363,-0.2768983201087692,-0.00041056600112672665,17642.0
1.5043824740783878,-1.046864964421121,-1.5632644924110035,17643.0
-2.6360550670182628,1.6167819902090863,1.1248153271531367,17644.0
1.132047509783725,0.1735032936200612,0.2784938368210721,17646.0
0.28272579485732363,-1.046864964421121,-1.3464401361205587,17647.0
0.23831647173779008,0.49306832420358254,0.7422646762974189,17648.0
0.8091388807398133,-1.046864964421121,0.1586649167267715,17649.0
-0.5072890349677437,-1.046864964421121,-1.1685917124598102,17650.0
-0.8985790007092727,1.510908863446225,1.3729250465206042,17651.0
-0.38537908826217976,1.7134365822447646,1.5415526839251694,17652.0
-0.11125863204513715,0.49306832420358254,0.42310830226805357,17653.0
1.2963243703891492,-1.046864964421121,-1.44587598589066,17654.0
-0.9594183827556639,1.1147046843093364,1.0503374842186233,17655.0
0.36388482734386973,0.7409422191338733,0.6854859520196318,17656.0
-0.35795550258615016,-0.2768983201087692,-0.14419968963025048,17658.0
-0.6550388479724051,1.7134365822447646,1.1530777203607854,17659.0
0.8241762733323041,-1.046864964421121,-1.0356924191579302,17660.0
-0.35795550258615016,1.1147046843093364,0.7446758017818353,17663.0
-0.5772685707748618,-0.2768983201087692,-0.1318711769315773,17664.0
-1.666741683149128,-0.2768983201087692,0.017268954921922503,17666.0
0.2934009916187583,0.7409422191338733,0.8498767460114879,17667.0
-2.6360550670182628,-0.2768983201087692,-0.5756705021337802,17668.0
-0.006179541443206692,1.1147046843093364,1.255226433114456,17669.0
1.1602074955341286,-1.046864964421121,-0.9969373499953432,17670.0
-0.697428299279993,0.49306832420358254,0.6350783279296957,17671.0
0.09927760367238778,-0.2768983201087692,1.1995102488976432,17672.0
-2.151398375083695,0.9434699379324127,0.6633516572210565,17673.0
0.3733980598894307,-0.2768983201087692,-0.20634661434973378,17674.0
-2.6360550670182628,2.7677009439520956,2.6901831588666942,17675.0
-1.666741683149128,0.9434699379324127,0.5346551680586621,17676.0
-2.151398375083695,2.731277121487407,2.5142866592588957,17677.0
1.2627143754878933,-1.046864964421121,-0.6992438825166734,17678.0
0.14001991215468154,-0.2768983201087692,0.8247405689667788,17679.0
-0.41392230877470515,-1.046864964421121,-1.0846394477402608,17680.0
-1.0260603857056536,0.9434699379324127,0.9986623316847086,17682.0
0.009895001113470848,-1.046864964421121,-0.8751792188683528,17684.0
-0.6550388479724051,1.1147046843093364,1.2028758473339083,17685.0
-1.275451717407599,1.1147046843093364,1.6737254140257438,17686.0
-0.2578977032657986,1.9613104771750551,1.5232529108707005,17690.0
1.4756830225729232,-0.2768983201087692,-0.7202671182557308,17691.0
0.7510577342465041,0.49306832420358254,0.031228286760640794,17692.0
0.8040536815548137,-1.046864964421121,-1.0176002859920554,17693.0
0.8291177200895793,-1.046864964421121,-0.7406366159518509,17694.0
0.7780576835533258,-0.2768983201087692,0.057223673822899696,17695.0
-0.09261187884029425,1.2630349685159339,0.9350445116675105,17696.0
1.1843206369864592,-1.046864964421121,-0.5962347855501644,17697.0
1.254723296440975,-1.046864964421121,-1.2242458967880983,17698.0
-0.6550388479724051,0.49306832420358254,1.0179836193512501,17700.0
1.2329561906279893,-1.046864964421121,-0.42814268963708557,17701.0
-0.2578977032657986,0.49306832420358254,0.7541693352150715,17702.0
-0.15011372802955736,0.1735032936200612,0.09149474761677524,17703.0
0.9508306779768274,-0.2768983201087692,0.17394597497496075,17704.0
-1.867892384578408,1.3938715516612432,0.7537954387318765,17705.0
-1.666741683149128,2.100345083207834,2.158674000061789,17706.0
1.0140793573329043,-0.2768983201087692,-1.2375593620342817,17707.0
1.0253269747615839,-0.2768983201087692,-0.7874296320919221,17708.0
0.9549558333402042,-1.046864964421121,-1.3203969864272909,17709.0
-0.9594183827556639,-0.2768983201087692,-0.4938190966305897,17711.0
0.025608287239488887,-1.046864964421121,-0.2483862747875142,17712.0
1.39940470383687,-1.046864964421121,-1.2344068485193436,17714.0
1.0720783354488947,-1.046864964421121,-0.6265052621113597,17715.0
-0.4436804936346096,1.6167819902090863,1.6619715440650893,17716.0
1.172368007364967,-1.046864964421121,-1.3093823918388092,17718.0
-0.09261187884029425,1.9613104771750551,1.624222839456715,17719.0
-0.35795550258615016,0.49306832420358254,0.4153504846396278,17720.0
0.5553910750944296,0.49306832420358254,0.9821875567899052,17722.0
0.7510577342465041,0.9434699379324127,1.2239324352999248,17723.0
0.3444610281550118,0.1735032936200612,0.297839376610427,17724.0
-0.697428299279993,1.6167819902090863,1.262811540283082,17725.0
-0.7425543952003661,-1.046864964421121,0.3187296499410342,17727.0
-1.666741683149128,0.1735032936200612,1.1193577966998427,17728.0
-1.867892384578408,1.8023501878361203,1.6095843345414163,17730.0
0.41911445707406475,0.49306832420358254,0.4444484740841488,17731.0
1.5043824740783878,-1.046864964421121,-0.6836256706529077,17732.0
-0.07444951208086271,-0.2768983201087692,-0.023376511587143687,17733.0
0.1530896722358701,0.1735032936200612,-0.013652914637939354,17734.0
-2.151398375083695,2.2238975283871487,2.3364458772675394,17735.0
-1.0997297021385526,0.1735032936200612,-0.5099387214321519,17736.0
-1.0997297021385526,-0.2768983201087692,-1.1582242704054038,17737.0
-0.5772685707748618,0.49306832420358254,0.7778629476499928,17738.0
-0.8985790007092727,1.1147046843093364,1.0953858142302728,17739.0
0.6693903073076132,-0.2768983201087692,-0.5588670295636697,17742.0
-1.666741683149128,0.9434699379324127,0.947820903790415,17744.0
1.1960723725379039,-1.046864964421121,-1.4973149305310978,17746.0
0.6693903073076132,-1.046864964421121,-1.8458822210470054,17747.0
0.9871091674185659,-0.2768983201087692,-0.0441236668982962,17749.0
-1.5107170776402215,1.3938715516612432,0.7422959201708437,17750.0
1.4776334054442046,-1.046864964421121,-1.7482431080637733,17752.0
-2.6360550670182628,0.7409422191338733,0.7309189644439942,17754.0
-2.6360550670182628,2.731277121487407,1.6547472183645184,17757.0
-0.5772685707748618,1.2630349685159339,1.2669116703359065,17758.0
-0.6550388479724051,0.1735032936200612,0.12710484773358718,17759.0
-0.4747616908210964,-0.2768983201087692,-0.7280683575146458,17760.0
-0.19125570031580894,-1.046864964421121,0.00014117350299110292,17761.0
1.2600608170621215,-1.046864964421121,-3.0976902340390846,17763.0
0.11312383446744997,-0.2768983201087692,0.11141522767699205,17764.0
0.9081825945945365,0.1735032936200612,-0.5218453722755013,17765.0
-0.7425543952003661,-1.046864964421121,-0.7751475602312078,17767.0
-1.1820849912145606,0.1735032936200612,0.9306342208116938,17768.0
-0.8426121945207178,1.510908863446225,1.3836281347683137,17769.0
1.0650861591204936,0.7409422191338733,0.37921434999895653,17770.0
0.1908941116649935,-0.2768983201087692,-0.8540131283903534,17771.0
-0.9594183827556639,-0.2768983201087692,-1.09176301367779,17772.0
0.5626368581326198,0.49306832420358254,0.4348812018518033,17774.0
1.2384618238454914,-1.046864964421121,-2.035090816537099,17775.0
-0.38537908826217976,0.1735032936200612,-0.05449107457528561,17777.0
-0.5072890349677437,0.1735032936200612,-0.06332344114821867,17779.0
0.9081825945945365,-0.2768983201087692,-1.0690416446393267,17781.0
0.3542403736651499,-0.2768983201087692,-0.7396453883771635,17783.0
0.14001991215468154,-1.046864964421121,-1.3532219976044368,17785.0
0.47029914140563667,-0.2768983201087692,-0.7531457997578894,17786.0
0.881286516907305,0.49306832420358254,0.7719230943920116,17787.0
0.3733980598894307,-0.2768983201087692,0.36120990834431654,17788.0
1.306349084125488,-1.046864964421121,-0.9217817198734101,17789.0
-0.33156701969869745,1.8846713286216876,0.8139716951079311,17790.0
-0.2578977032657986,-1.046864964421121,-1.5280984769841797,17791.0
-0.38537908826217976,-1.046864964421121,-0.6348071774277229,17793.0
0.9949216711086241,-0.2768983201087692,-0.5696026127381025,17795.0
-0.056747001836518776,0.49306832420358254,-0.01678523080775093,17796.0
-0.4747616908210964,0.1735032936200612,0.07288874392146807,17797.0
-0.4747616908210964,1.510908863446225,1.1680422282391916,17799.0
-0.11125863204513715,1.3938715516612432,0.4174073996290808,17800.0
0.445175056341916,0.1735032936200612,0.4730026253200323,17802.0
0.3733980598894307,-1.046864964421121,-0.2648172208745037,17805.0
-0.9594183827556639,-1.046864964421121,-0.21365983865782412,17806.0
-0.697428299279993,1.7134365822447646,1.6265790174353751,17809.0
-1.666741683149128,3.0227184458773024,1.923713610799042,17811.0
-0.8426121945207178,0.49306832420358254,0.021664241784189037,17812.0
-0.7907950254730315,0.7409422191338733,0.7302939860897364,17813.0
-0.11125863204513715,0.49306832420358254,-2.3829053498525545,17816.0
-1.666741683149128,0.1735032936200612,-0.4884618748426364,17817.0
0.3542403736651499,1.1147046843093364,1.322539119921188,17819.0
0.11312383446744997,-1.046864964421121,-0.6984637749612398,17824.0
-1.5107170776402215,0.7409422191338733,0.8260886337702852,17827.0
-0.4436804936346096,0.49306832420358254,0.7522848837287741,17828.0
1.3497623788629358,-1.046864964421121,0.17760841976516367,17829.0
-2.151398375083695,0.1735032936200612,-0.46597382749328303,17830.0
-0.19125570031580894,-1.046864964421121,-2.4087742900914697,17831.0
0.09927760367238778,-1.046864964421121,-1.2220741260880539,17832.0
-1.867892384578408,0.1735032936200612,-0.5690303735391339,17835.0
0.056013590892448804,-1.046864964421121,-1.4976060722043616,17836.0
-0.022632343033176155,1.2630349685159339,0.645554378145908,17837.0
-0.33156701969869745,0.7409422191338733,1.0919148028942807,17838.0
-0.022632343033176155,-1.046864964421121,-0.5965899225492315,17839.0
-2.151398375083695,4.307634232576799,3.2510751125331905,17841.0
1.3590543668528285,-1.046864964421121,-0.9977958986672042,17843.0
0.6312420213970147,-1.046864964421121,-2.1070767891116007,17844.0
0.43659566274115785,1.3938715516612432,0.1883273649060508,17848.0
1.1288474501660841,0.49306832420358254,-0.13033341524595454,17849.0
1.5025053942772697,2.8703117275201855,1.623504366217716,17850.0
-0.8985790007092727,-0.2768983201087692,-1.4680898921556176,17852.0
1.0140793573329043,-0.2768983201087692,-0.6646111872244549,17854.0
1.5043824740783878,-1.046864964421121,-0.9842833357473737,17855.0
-2.151398375083695,0.49306832420358254,0.5520134619127175,17856.0
-1.666741683149128,2.1638381959735944,2.1852921275959067,17857.0
-1.3832356926438403,1.7134365822447646,1.5876612368818837,17858.0
1.3636544611158317,-1.046864964421121,-1.2599266282549741,17859.0
1.4968437292870584,-1.046864964421121,-0.8315164279544446,17860.0
-1.867892384578408,1.2630349685159339,0.8673625561767003,17861.0
1.4059090466102924,-1.046864964421121,-0.6155195086762951,17862.0
0.215007253117324,0.9434699379324127,1.1949101579916577,17863.0
-0.8426121945207178,0.1735032936200612,-0.14140182540070353,17864.0
-0.2349706720317201,2.2808755077585765,2.1603396052789945,17865.0
0.8340244897418808,-1.046864964421121,-0.6185560487376077,17866.0
-0.2578977032657986,0.9434699379324127,0.4161283102633992,17867.0
0.6312420213970147,0.7409422191338733,-0.4087412532821197,17869.0
-2.151398375083695,1.7134365822447646,0.7843692635607473,17870.0
1.08585635378539,-1.046864964421121,-1.2193419215755466,17871.0
0.42790969009804847,0.7409422191338733,0.7693250810039617,17873.0
1.0140793573329043,0.9434699379324127,-0.033559759152779894,17874.0
0.9549558333402042,-1.046864964421121,-0.8812341911443691,17877.0
0.009895001113470848,-1.046864964421121,-0.5056774569363746,17878.0
0.9712173059356872,-1.046864964421121,-1.1106397627609559,17879.0
1.4892228167219115,-1.046864964421121,-0.3531150542410104,17880.0
1.3613581969634085,-1.046864964421121,-1.3446934220143671,17881.0
-1.867892384578408,0.49306832420358254,-0.04740136431295415,17883.0
-1.666741683149128,0.49306832420358254,0.005380635820631345,17884.0
-0.8985790007092727,-1.046864964421121,-1.0598349090097883,17885.0
-0.21277160734542533,0.1735032936200612,0.18691058129579452,17886.0
0.7619831409966483,-1.046864964421121,-1.4893496573194314,17887.0
-0.5072890349677437,1.2630349685159339,0.01494070383729297,17888.0
1.1093332960238163,-0.2768983201087692,-1.0041070341203269,17889.0
1.403747648270996,-0.2768983201087692,-0.13526199819459173,17890.0
0.9212523546757249,-1.046864964421121,-1.0041463892650284,17891.0
0.17851835839610394,0.1735032936200612,-0.8596140017164594,17892.0
1.1509462766175307,-1.046864964421121,-1.4828909257354996,17893.0
0.3542403736651499,1.2630349685159339,0.3625795402068714,17894.0
0.009895001113470848,-1.046864964421121,-1.59181386863571,17895.0
-0.4436804936346096,-1.046864964421121,-0.8204220334118372,17896.0
0.9671872555515091,0.1735032936200612,-0.18400523934164473,17897.0
0.47029914140563667,-0.2768983201087692,-1.2393513002650924,17898.0
0.9081825945945365,-1.046864964421121,-1.219856720218357,17899.0
1.0327261105377474,-0.2768983201087692,-1.4832483833744234,17900.0
-0.28160206843873536,-1.046864964421121,-1.4963694490687525,17901.0
-0.5072890349677437,-1.046864964421121,-1.0536157179004626,17904.0
0.3444610281550118,0.49306832420358254,0.09300004579307448,17905.0
1.2161743017226836,-1.046864964421121,-1.8292015025958628,17906.0
1.5062545282247615,-1.046864964421121,-0.8623137342444638,17908.0
-1.0997297021385526,-1.046864964421121,-0.5341285298105166,17911.0
1.3750240092808892,0.7409422191338733,-0.6652558540896897,17912.0
0.215007253117324,-0.2768983201087692,-0.44042595462541856,17913.0
-1.666741683149128,-1.046864964421121,-0.602222051383222,17914.0
0.025608287239488887,0.1735032936200612,-0.5907384148150159,17917.0
0.4945516930480387,-1.046864964421121,0.4847784168334231,17919.0
-1.666741683149128,2.100345083207834,1.4239612494776899,17920.0
0.2718850845891419,0.49306832420358254,0.11892475186348994,17921.0
1.3088329652668718,-1.046864964421121,-0.9899471577471849,17923.0
-0.8985790007092727,1.1147046843093364,1.1431300210614537,17924.0
1.5043824740783878,-1.046864964421121,-0.8596797408829752,17925.0
0.7833347788358023,-0.2768983201087692,-0.4688162336541766,17926.0
0.025608287239488887,-0.2768983201087692,-0.9706925395761565,17928.0
-0.9594183827556639,0.49306832420358254,0.13476470412044325,17929.0
-0.13041631826941766,0.7409422191338733,0.7164013948454184,17930.0
0.7885723449436071,-0.2768983201087692,-0.4467665316754549,17931.0
-0.28160206843873536,0.1735032936200612,0.5015400001789602,17932.0
0.1267011893484174,-0.2768983201087692,-0.009518210083323906,17934.0
0.8091388807398133,-0.2768983201087692,-1.2731350833768433,17935.0
-1.5107170776402215,-1.046864964421121,-0.4840041066617792,17936.0
-1.0997297021385526,1.1147046843093364,1.4422848608857075,17937.0
0.9125663820326161,-1.046864964421121,-1.5825346988625866,17939.0
0.6377463641704376,1.2630349685159339,0.4121777392874746,17940.0
0.7727404578833741,-1.046864964421121,-0.6820699044421094,17941.0
-1.1820849912145606,-1.046864964421121,-1.7801084936560212,17942.0
1.1753753746075404,-0.2768983201087692,-1.2525443960424747,17946.0
-0.11125863204513715,-1.046864964421121,-1.1189520957248744,17947.0
0.8533143146429201,-1.046864964421121,-0.5511099326427364,17948.0
-1.1820849912145606,2.528749402688867,2.3067048040278633,17949.0
0.3542403736651499,0.1735032936200612,-0.3134141171389145,17950.0
-0.056747001836518776,0.1735032936200612,0.2786131736833493,17951.0
-1.5107170776402215,1.7134365822447646,0.951378230135471,17954.0
1.0650861591204936,0.49306832420358254,-0.19728344437861858,17955.0
1.2218131371706191,-1.046864964421121,-3.228081390743882,17956.0
0.2934009916187583,-1.046864964421121,-1.4869754143913867,17957.0
0.6937131703589926,-1.046864964421121,-0.2708693623514803,17958.0
0.9590567941048489,-1.046864964421121,-1.8195744983758835,17960.0
-0.5072890349677437,3.0227184458773024,0.4800888201775769,17961.0
0.8291177200895793,-1.046864964421121,-1.5532148309122176,17962.0
-0.21277160734542533,-0.2768983201087692,-0.33107767446385783,17964.0
-0.09261187884029425,1.8846713286216876,1.0453450326414544,17965.0
-0.09261187884029425,0.7409422191338733,0.3471132271055346,17966.0
1.5025053942772697,-1.046864964421121,-1.409058193899767,17967.0
1.5062545282247615,-1.046864964421121,-0.7571567271482813,17968.0
0.9383071466653319,-0.2768983201087692,-0.9136542713295271,17969.0
1.1060273238792346,-1.046864964421121,-0.16167677600799038,17970.0
1.2018749934415025,-1.046864964421121,-1.3286698467142144,17972.0
0.1267011893484174,-1.046864964421121,-0.6007686489605873,17973.0
-0.38537908826217976,0.1735032936200612,0.031065845494006254,17974.0
-0.7425543952003661,1.8023501878361203,1.4765347723039268,17975.0
1.5025053942772697,-1.046864964421121,-0.5632167288297053,17976.0
-0.28160206843873536,-1.046864964421121,-0.7265354422739991,17977.0
1.4892228167219115,-1.046864964421121,-0.6917166537843661,17978.0
-0.13041631826941766,0.49306832420358254,0.04918492996352953,17979.0
0.9383071466653319,0.1735032936200612,0.10416110175145611,17980.0
0.843735920939306,-1.046864964421121,-1.236086647420941,17984.0
-0.4747616908210964,-1.046864964421121,-0.09262759614818872,17985.0
0.17851835839610394,-1.046864964421121,-2.8354116645408296,17986.0
1.0140793573329043,-1.046864964421121,-1.0252406602350979,17987.0
-0.8985790007092727,1.1147046843093364,-1.0150030881900889,17988.0
1.18727713951392,0.1735032936200612,-0.09783781383041487,17990.0
1.1509462766175307,-0.2768983201087692,-1.6308156261849638,17991.0
0.7229731636723576,0.49306832420358254,-0.03941535822286001,17994.0
1.3088329652668718,-1.046864964421121,-1.7947344080617564,17995.0
0.3733980598894307,1.2630349685159339,0.8160588997062862,17997.0
-0.11125863204513715,-0.2768983201087692,-0.5001777344239856,17999.0
-0.8985790007092727,-0.2768983201087692,-0.42952602251468874,18001.0
1.483452122569123,-1.046864964421121,-1.152379905937896,18004.0
-1.666741683149128,-0.2768983201087692,-0.8413514872897405,18005.0
-0.4436804936346096,-1.046864964421121,-0.37840476744001883,18006.0
0.3345429639050105,1.3938715516612432,0.8732187057077673,18008.0
1.1813515802704906,-1.046864964421121,-0.8172356416114457,18009.0
1.2439244438642056,-1.046864964421121,-1.1275350253964038,18010.0
1.5043824740783878,-1.046864964421121,-1.5535269848534357,18011.0
0.8903673173463216,-0.2768983201087692,-1.0721627429763243,18013.0
-0.3061383335384639,-1.046864964421121,-1.166950889972249,18014.0
-1.666741683149128,-1.046864964421121,-1.4291253322595436,18015.0
-0.21277160734542533,0.7409422191338733,0.5882588000457855,18016.0
0.43659566274115785,0.1735032936200612,-0.24824819745899712,18017.0
0.6377463641704376,-0.2768983201087692,-1.4151440409610117,18018.0
0.1267011893484174,-1.046864964421121,-2.3424655728949166,18019.0
-0.13041631826941766,-1.046864964421121,-0.05178455577679151,18022.0
0.881286516907305,-0.2768983201087692,-0.48412759969564895,18024.0
0.5769069821240461,-1.046864964421121,-1.4613121967430254,18027.0
-1.666741683149128,-0.2768983201087692,-0.9050863857860559,18030.0
1.4271633215298454,-1.046864964421121,-1.8226251243222944,18032.0
0.28272579485732363,-1.046864964421121,-1.5920595124577936,18033.0
-0.4747616908210964,-0.2768983201087692,-0.41873424403599746,18034.0
-0.13041631826941766,0.1735032936200612,0.019733281388111257,18035.0
-0.21277160734542533,0.1735032936200612,-0.4521680101497962,18036.0
0.8858416587895677,0.9434699379324127,-1.8615409396447729,18037.0
-0.5772685707748618,-0.2768983201087692,-0.5541588537532853,18040.0
-0.8985790007092727,2.3350729423505183,1.4199991703312012,18041.0
0.1530896722358701,-1.046864964421121,-1.173583019392286,18042.0
-0.38537908826217976,0.1735032936200612,-0.19410812270879285,18043.0
-1.666741683149128,1.510908863446225,0.8626896892800276,18044.0
0.025608287239488887,-1.046864964421121,-1.0631744527510736,18045.0
1.0790012811719285,-0.2768983201087692,-1.1391391763957066,18048.0
1.4776334054442046,-1.046864964421121,-1.8128605373775852,18050.0
0.3444610281550118,-1.046864964421121,-0.6941198315772696,18053.0
-1.275451717407599,1.510908863446225,1.8078961471540655,18055.0
1.323553757534285,-1.046864964421121,-0.5398006344230792,18056.0
-1.0260603857056536,-1.046864964421121,-1.1491199042584854,18058.0
-0.4436804936346096,0.1735032936200612,-0.677080212248133,18059.0
-0.4747616908210964,1.510908863446225,0.8744385803296285,18061.0
0.9671872555515091,0.1735032936200612,0.008806446748814159,18062.0
0.7833347788358023,-0.2768983201087692,0.10667843726408843,18064.0
-1.3832356926438403,1.8846713286216876,0.9717905314762634,18065.0
0.3827835941776752,-1.046864964421121,-0.6474233765881321,18066.0
-0.056747001836518776,-1.046864964421121,-0.4707572671126992,18067.0
1.3259773710734528,-1.046864964421121,-1.562080265395572,18068.0
-0.35795550258615016,0.7409422191338733,0.8424891452211705,18069.0
1.2466398329312158,-0.2768983201087692,-0.36353211621072734,18071.0
1.0178487023427027,-1.046864964421121,-0.8487104379822085,18072.0
0.6755508035995611,1.7134365822447646,1.3590825843502297,18073.0
1.5062545282247615,-1.046864964421121,-0.3011950683201629,18074.0
-0.4436804936346096,1.510908863446225,1.0420280607571735,18075.0
-1.1820849912145606,1.6167819902090863,1.0485325649783894,18077.0
1.125632677578944,-0.2768983201087692,-0.6029378064479045,18078.0
0.025608287239488887,0.49306832420358254,1.3110007083255235,18079.0
-0.5772685707748618,-0.2768983201087692,0.43885863706903133,18080.0
-0.13041631826941766,0.1735032936200612,-0.5856531214440489,18081.0
-0.35795550258615016,-1.046864964421121,-0.01052137302559476,18082.0
-0.697428299279993,-1.046864964421121,-1.6558695053934989,18084.0
1.4187389809968,-0.2768983201087692,-0.025977093533727843,18085.0
1.2887103734893812,-1.046864964421121,-1.564925352268058,18086.0
0.5698083241376329,-1.046864964421121,0.14403792191996742,18087.0
0.23831647173779008,-1.046864964421121,-1.1609471379806142,18088.0
-2.151398375083695,1.6167819902090863,1.9644795789966671,18092.0
0.5331920104081352,0.49306832420358254,0.8695441049760335,18093.0
0.445175056341916,1.1147046843093364,1.0338613586997107,18094.0
1.3817580434113175,-0.2768983201087692,-0.16518238381726622,18095.0
-0.8985790007092727,0.1735032936200612,0.1971370331243729,18096.0
-1.1820849912145606,0.9434699379324127,1.0680359656301965,18097.0
0.7510577342465041,-1.046864964421121,-1.15789051936205,18099.0
-0.9594183827556639,-0.2768983201087692,-0.9298129546755465,18101.0
-2.6360550670182628,3.2762743330397934,3.949171438603453,18102.0
-0.11125863204513715,-1.046864964421121,0.04592760684236808,18104.0
-0.09261187884029425,-1.046864964421121,-1.474147244650915,18105.0
1.4187389809968,-1.046864964421121,-0.4040331771407092,18106.0
1.2357144261810717,-1.046864964421121,-0.7757394552468342,18108.0
-2.151398375083695,2.572316832148472,1.9454496644376555,18109.0
-0.5414036937710863,-1.046864964421121,-0.8856697741371167,18110.0
-0.8985790007092727,-0.2768983201087692,-0.5643533438230157,18112.0
1.4968437292870584,-1.046864964421121,-1.7924183192652572,18113.0
1.3283926128738737,-1.046864964421121,-0.9426502470591551,18114.0
0.3142745358967301,1.2630349685159339,0.5520134619127175,18116.0
-0.35795550258615016,-1.046864964421121,-0.6405900025277604,18117.0
-0.9594183827556639,2.572316832148472,1.6616636660976083,18118.0
1.4949462741036608,-1.046864964421121,-1.099038985027945,18119.0
1.1158987133315823,-1.046864964421121,-1.4907920193389874,18120.0
0.8627632666270945,-0.2768983201087692,-0.04581447857370622,18121.0
-1.1820849912145606,0.9434699379324127,0.7549781147812954,18122.0
-0.41392230877470515,-0.2768983201087692,-0.15229832813362423,18123.0
-0.2578977032657986,0.49306832420358254,0.3790178300710692,18125.0
0.23831647173779008,-1.046864964421121,-0.9925419523260763,18126.0
-0.5772685707748618,0.1735032936200612,-0.5734126687342609,18127.0
1.2047583451810127,-1.046864964421121,-1.4807495179056451,18129.0
-0.7425543952003661,0.1735032936200612,0.3180786056286666,18130.0
-0.28160206843873536,0.7409422191338733,-0.03538137044205985,18135.0
0.2608736474721113,0.1735032936200612,0.07688811729843079,18136.0
1.3403452424953657,-1.046864964421121,-1.2362443090316328,18138.0
-0.6150730102039852,0.9434699379324127,1.9829535269630687,18139.0
0.8993316940568102,-0.2768983201087692,0.2873007766456651,18142.0
0.6937131703589926,-0.2768983201087692,0.27191886646580943,18143.0
-1.1820849912145606,1.7134365822447646,1.122903995547517,18144.0
-0.8426121945207178,0.49306832420358254,1.1153137500852186,18145.0
0.8241762733323041,-0.2768983201087692,-1.1967614855971065,18146.0
0.040976198299957974,-0.2768983201087692,-1.1069629151087117,18147.0
0.11312383446744997,0.1735032936200612,-0.12205907881566963,18149.0
-0.21277160734542533,0.1735032936200612,-0.18403356012589356,18150.0
0.7937709696793442,-0.2768983201087692,-0.06970812831310638,18151.0
-1.867892384578408,-0.2768983201087692,-0.46498839405885806,18154.0
0.3827835941776752,0.1735032936200612,-0.5224065062617813,18155.0
-0.8426121945207178,-0.2768983201087692,0.024704845201585363,18156.0
-1.0997297021385526,-0.2768983201087692,-0.3628239840753548,18158.0
1.354423808167457,-1.046864964421121,-0.23735396436863246,18159.0
0.1908941116649935,-0.2768983201087692,-0.08870743772319553,18160.0
-0.7425543952003661,0.7409422191338733,0.6581985477640667,18161.0
-0.11125863204513715,-1.046864964421121,-0.46406439345010775,18164.0
0.9831699355571787,-1.046864964421121,-0.6876211726111913,18165.0
-0.4436804936346096,0.1735032936200612,0.5330230723675027,18167.0
0.9792083849826057,0.9434699379324127,0.3977156131203111,18168.0
0.23831647173779008,-1.046864964421121,-1.0089226673019724,18169.0
-0.19125570031580894,0.1735032936200612,0.25583535151740444,18170.0
0.215007253117324,0.7409422191338733,0.43873484384487843,18171.0
-0.7425543952003661,2.2808755077585765,1.8949459615020299,18172.0
0.48656061400111966,0.49306832420358254,0.8696659746338972,18173.0
-1.275451717407599,-1.046864964421121,-1.5441376468288883,18174.0
1.4756830225729232,-1.046864964421121,-0.32320722791792933,18176.0
-0.2349706720317201,0.9434699379324127,0.5074530977185076,18177.0
0.7619831409966483,0.49306832420358254,0.6442592628751586,18178.0
-1.0997297021385526,0.9434699379324127,0.7403296503440132,18179.0
-1.5107170776402215,0.9434699379324127,0.7626472385317572,18180.0
-0.41392230877470515,-1.046864964421121,-0.49862526131349316,18181.0
1.1571340320976455,-0.2768983201087692,-0.09627500078673115,18183.0
-0.7425543952003661,-1.046864964421121,-2.1349421004243103,18184.0
1.2218131371706191,-1.046864964421121,-0.6828869647901861,18185.0
-0.7425543952003661,0.1735032936200612,0.8283290506935185,18188.0
0.41020717985370486,-0.2768983201087692,0.34110868597003885,18189.0
1.0400477670289971,-0.2768983201087692,-0.7368482432175638,18190.0
1.2573971498179417,-1.046864964421121,-0.9887880239207745,18191.0
0.3542403736651499,-1.046864964421121,0.23734010744927614,18192.0
0.9340822890622325,-1.046864964421121,-0.8607323007680067,18193.0
0.445175056341916,-1.046864964421121,0.2505225676157122,18194.0
0.5480694186031799,-0.2768983201087692,-0.026931203921107903,18196.0
-1.666741683149128,2.100345083207834,1.6286000771869986,18198.0
0.6246766040892487,-1.046864964421121,-1.1796824379829605,18200.0
1.0685909875415227,0.1735032936200612,0.540019945917664,18202.0
0.8993316940568102,-1.046864964421121,-1.1964113159621523,18203.0
0.3444610281550118,0.1735032936200612,0.8253806791490323,18204.0
-0.13041631826941766,-0.2768983201087692,-0.2569472888454975,18205.0
-0.28160206843873536,-1.046864964421121,-1.310823070367941,18209.0
-2.151398375083695,0.9434699379324127,1.0449808974881567,18210.0
-0.35795550258615016,0.7409422191338733,-0.1379582700935502,18211.0
1.410211902072359,-1.046864964421121,-0.8455391057195768,18212.0
1.18727713951392,-1.046864964421121,-0.8987458695842385,18213.0
0.5024524754839983,-1.046864964421121,-0.6959403518690642,18215.0
-0.2349706720317201,-1.046864964421121,-0.31416320406667936,18216.0
-0.28160206843873536,-0.2768983201087692,-0.10948274022198505,18217.0
1.1060273238792346,-0.2768983201087692,-0.05905868126789874,18218.0
-1.867892384578408,1.510908863446225,0.855423539597801,18219.0
1.1571340320976455,-1.046864964421121,-0.6801754203096968,18220.0
-0.4747616908210964,0.7409422191338733,0.30449890322055884,18221.0
0.5331920104081352,-1.046864964421121,-0.38144164684151494,18222.0
-1.5107170776402215,1.8846713286216876,1.7716524116726653,18223.0
1.2627143754878933,-1.046864964421121,-1.2037971656362563,18224.0
-1.867892384578408,1.7134365822447646,1.6408624633264783,18225.0
0.009895001113470848,1.6167819902090863,1.5988480721461162,18226.0
1.1288474501660841,-1.046864964421121,-1.6273850975707633,18227.0
0.1908941116649935,-0.2768983201087692,0.07234369735475568,18228.0
-0.8985790007092727,2.2808755077585765,1.8641463915013092,18229.0
-1.0997297021385526,1.1147046843093364,1.1007856301840042,18230.0
1.0400477670289971,0.7409422191338733,0.8606396090425844,18231.0
0.445175056341916,0.49306832420358254,-0.1475078144802331,18232.0
1.410211902072359,-1.046864964421121,-0.38689340274888273,18233.0
0.3542403736651499,0.1735032936200612,0.7418092703394494,18235.0
-0.2578977032657986,0.9434699379324127,0.1712677048461271,18236.0
-1.867892384578408,0.7409422191338733,0.261373324143832,18237.0
1.132047509783725,0.7409422191338733,0.6293956160002939,18239.0
0.040976198299957974,-1.046864964421121,-0.4193036242722947,18240.0
-1.0260603857056536,2.100345083207834,0.8567094541169629,18241.0
0.3542403736651499,0.49306832420358254,0.9161426889168085,18242.0
-1.275451717407599,1.1147046843093364,1.0281807532125908,18245.0
-0.41392230877470515,-0.2768983201087692,-0.14328392934726672,18246.0
0.7286810468472031,-0.2768983201087692,0.09678091826635297,18248.0
-0.6550388479724051,-1.046864964421121,-1.613891959039079,18249.0
1.3750240092808892,-1.046864964421121,-0.5721712662661398,18250.0
0.48656061400111966,-1.046864964421121,0.8615364424848091,18251.0
0.11312383446744997,-0.2768983201087692,-0.24263785683662967,18252.0
0.5024524754839983,-1.046864964421121,-1.5495560905792949,18255.0
-0.07444951208086271,1.2630349685159339,0.953065196426499,18257.0
-0.38537908826217976,0.1735032936200612,0.9533980475731431,18259.0
0.9671872555515091,0.9434699379324127,1.0516316024817116,18260.0
-0.006179541443206692,-0.2768983201087692,-0.6318323365805723,18261.0
0.8191996558395774,-1.046864964421121,-1.2530809530458822,18262.0
-0.35795550258615016,0.1735032936200612,0.4268203916429224,18263.0
0.3542403736651499,-0.2768983201087692,0.09427232743288819,18265.0
0.7885723449436071,-1.046864964421121,-2.6719599412661013,18268.0
1.4911358461122124,-1.046864964421121,-1.1565093135914981,18269.0
-0.09261187884029425,-0.2768983201087692,-0.7405516055866844,18270.0
-1.867892384578408,0.9434699379324127,1.173966902554509,18272.0
-2.151398375083695,0.1735032936200612,-1.0035955928327598,18273.0
-0.2578977032657986,-1.046864964421121,-1.122410741917853,18274.0
0.009895001113470848,-1.046864964421121,-0.6035825324084884,18276.0
0.2030546234958319,-1.046864964421121,-1.4963694490687525,18277.0
0.3733980598894307,-1.046864964421121,-1.1316766020811637,18278.0
1.298844055299601,-1.046864964421121,-1.1013457603745878,18280.0
0.9987954306345556,-1.046864964421121,-1.7464542251436481,18281.0
-1.1820849912145606,-0.2768983201087692,-1.1127548461236352,18282.0
-1.666741683149128,2.033001612828286,0.8650984654914429,18283.0
-0.006179541443206692,0.1735032936200612,0.7598268460284052,18287.0
